id,prompt_text,prompt_token_count,has_complexity_term,turn_type,context_window_tokens,context_provided,task_type,tier_floor,escalation_score,tier
1,"Rewrite the landing page headline attached for our support team. Use British spelling throughout. Then analyse which section is weakest for that audience and say why. Do not use bullet points anywhere in the body. Avoid naming any competitor, even indirectly. Leave a placeholder where the legal team needs to insert the disclaimer. End with a call to action pointing at the docs. Match the tone of the style guide pasted below rather than your default voice. Write it so a developer audience could follow it without any background in the area. Assume the reader has already seen the teaser we sent last week. Do not promise any delivery date we have not publicly committed to. Include two short quotes attributed to the engineering lead. Keep every sentence under 20 words so it stays scannable on mobile.",185,True,one_shot,14140,True,Rewrite,3,3,3
2,Extract every payment term and postcode from the customer review batch below and put them in a table. Keep the original identifiers so I can join this back to the source.,42,False,one_shot,1050,True,Extraction,1,0,1
3,"Pull the top five takeaways out of the policy document below and note anything the author leaves unsupported. Sanity check the arithmetic before you present any figure. Distinguish the near-term implications from the structural ones. Where two sources disagree, say which one you weighted more and why.",63,True,multi_turn,4410,True,Summarization,2,3,3
4,"Label each of the 100 entries in the policy document below as billing, technical or account access.",23,False,one_shot,790,True,Classification,2,0,2
5,Summarise the shift handover log below in 50 bullets. Point out anything a reviewer would immediately push back on.,26,True,one_shot,4280,True,Summarization,2,2,3
6,Pull the top five takeaways out of the audit report below and note anything the author leaves unsupported. Compare it against the version we discussed earlier in this thread. Separate clearly what the data supports from what is your inference.,54,True,one_shot,1870,True,Summarization,2,1,2
7,"Go through the incident postmortems attached and mark which ones touch on remote patient monitoring. Preserve the original ordering of the records. Strip out the internal test records before you count anything. Treat blank and zero as different things. Use ISO dates throughout. Keep the original identifiers so I can join this back to the source. Do not reformat any field I have not asked you to touch. Normalise the currency values to USD and say what rate you used. Tell me how many records you skipped and on what grounds. Add a count of how many records fell into each bucket. Add a final row with the totals for the numeric columns. Sort the output by the most recent date first. Where a field appears twice with different values, show both. Flag any duplicate entries rather than silently collapsing them.",190,False,multi_turn,14260,True,Classification,2,3,3
8,Make that version plainer.,5,False,multi_turn,3410,True,Rewrite,3,1,3
9,"Give me a first draft of a job posting for a procurement committee, based on the lease agreement below. Do not use bullet points anywhere in the body. Assume the reader has already seen the teaser we sent last week. Mirror the structure of the last announcement so the series feels consistent. Write it so a developer audience could follow it without any background in the area. Leave a placeholder where the legal team needs to insert the disclaimer.",107,False,one_shot,16970,True,Text Generation,1,2,2
10,"Using only the earnings call transcript below, does it say anything about freight rail scheduling?",20,False,one_shot,1290,True,Closed QA,1,0,1
11,Plan a 250-day itinerary for Osaka around swarm robotics. Flag anywhere you had to invent a detail I will need to check. Do not use bullet points anywhere in the body.,42,False,one_shot,0,False,Other,3,0,3
12,"Based on the attached customer review batch, when is the job title?",16,False,one_shot,630,True,Closed QA,1,0,1
13,"Looking back at the onboarding guide I shared earlier, what did it say about the second trial arm? Flag anything where the source is ambiguous instead of guessing.",38,False,multi_turn,2100,True,Closed QA,1,1,1
14,Extract every dosage and renewal date from the lease agreement below and put them in a table.,23,False,one_shot,1280,True,Extraction,1,0,1
15,What would it take to get into carbon offset registries with no background in it? Flag anything where the source is ambiguous instead of guessing.,34,False,one_shot,0,False,Open QA,1,0,1
16,Give me just the root cause from the text above.,14,True,one_shot,500,True,Extraction,1,1,1
17,"Give me 25 angles on esports sponsorship, then analyse which three are most defensible. Tell me what evidence would change your mind on the main claim. Rank the findings by how much each would change the decision.",50,True,one_shot,1020,True,Brainstorming,3,1,3
18,Rewrite this conference abstract so it sounds friendlier. Keep it under 6 words.,18,False,one_shot,1470,True,Rewrite,3,0,3
19,"Looking back at the Slack export I shared earlier, what did it say about the northern depot?",23,False,multi_turn,2960,True,Closed QA,1,1,1
20,Refactor this TypeScript auth middleware to be async and keep the behaviour identical. Avoid any global mutable state. Write it so it degrades gracefully when the upstream is down. Explain the trade-off you made on the retry strategy.,51,True,one_shot,2850,True,Code Generation,3,1,3
21,"Port this feature flag client from Kotlin to Kotlin. Write it so it degrades gracefully when the upstream is down. Avoid any global mutable state. Keep it compatible with the current config format so nothing needs migrating. Handle the timeout case explicitly rather than letting it bubble. Do not add any new third-party dependencies. Leave a comment wherever the behaviour is deliberately non-obvious. Add unit tests covering the error paths, not just the happy path. Keep the existing test suite passing without editing the tests. Make the logging structured so it parses cleanly downstream. Assume this runs in a container with no persistent disk. Include a short docstring for each public function.",151,False,multi_turn,13820,True,Code Generation,3,3,3
22,What is the capital of Tbilisi's region and roughly how many people live there?,19,False,one_shot,0,False,Open QA,1,0,1
23,Rewrite the product description attached for a non-technical exec. Do not use bullet points anywhere in the body. Flag anywhere you had to invent a detail I will need to check. End with a call to action pointing at the docs. Write it so first-time investors could follow it without any background in the area. Then analyse which section is weakest for that audience and say why. Keep it under 25 words. Give me three alternative headline options at the end. Include two short quotes attributed to the engineering lead.,122,True,one_shot,14670,True,Rewrite,3,3,3
24,"Go through the insurance claim files attached and mark which ones touch on carbon offset registries. Tell me how many records you skipped and on what grounds. Keep the original identifiers so I can join this back to the source. Use ISO dates throughout. Do not reformat any field I have not asked you to touch. Normalise the currency values to USD and say what rate you used. Add a count of how many records fell into each bucket. Where a field appears twice with different values, show both.",120,False,one_shot,15600,True,Classification,2,2,3
25,Which of these 10 entries are worth escalating?,11,False,multi_turn,4660,True,Classification,2,2,3
26,"Using only the earnings call transcript below, does it say anything about carbon offset registries?",20,False,one_shot,460,True,Closed QA,1,0,1
27,"Pull the top five takeaways out of the incident postmortem below and note anything the author leaves unsupported. Rank the findings by how much each would change the decision. Where two sources disagree, say which one you weighted more and why.",55,True,one_shot,16220,True,Summarization,2,3,3
28,Now add job title handling to that webhook handler. Make the logging structured so it parses cleanly downstream.,24,False,multi_turn,8100,True,Code Generation,3,2,3
29,"Tag each row in the support thread below, then compare the distribution against the batch I sent earlier. Separate clearly what the data supports from what is your inference.",39,True,multi_turn,9070,True,Classification,2,3,3
30,"Give me a first draft of a cover letter for our support team, based on the vendor contract below. Match the tone of the style guide pasted below rather than your default voice. Include two short quotes attributed to the engineering lead.",57,False,multi_turn,2340,True,Text Generation,1,1,1
31,Is swarm robotics regulated differently in the EU than in the US?,16,False,one_shot,0,False,Open QA,1,0,1
32,"Parse the research papers in this thread and pull out every contract value, then summarise what the spread looks like. Separate clearly what the data supports from what is your inference.",42,True,multi_turn,37820,True,Extraction,1,4,3
33,Give me just the renewal date from the text above.,14,False,one_shot,1480,True,Extraction,1,0,1
34,"Tag each row in the customer review batch below, then compare the distribution against the batch I sent earlier. Note where the sample is too small to carry the conclusion. Give a rough confidence level for each conclusion and say what would raise it. Sanity check the arithmetic before you present any figure.",72,True,multi_turn,9680,True,Classification,2,3,3
35,"Summarise the customer review batchs attached for high school students. Distinguish the near-term implications from the structural ones. Separate clearly what the data supports from what is your inference. Compare it against the version we discussed earlier in this thread. Keep the scope to what is actually in front of you, not the wider market. Show your reasoning for each judgement rather than just the conclusion. Give a rough confidence level for each conclusion and say what would raise it. If the framing itself is wrong, say so before answering.",122,True,one_shot,43600,True,Summarization,2,4,3
36,Condense that into a paragraph new hires could read in 30 seconds. Write it so a procurement committee could follow it without any background in the area.,36,False,multi_turn,820,True,Summarization,2,1,2
37,"Go through the clinical trial summarys attached and mark which ones touch on desalination. Add a count of how many records fell into each bucket. Leave the cell blank rather than guessing when a value is missing. Preserve the original ordering of the records. Flag any duplicate entries rather than silently collapsing them. Do not reformat any field I have not asked you to touch. Where a field appears twice with different values, show both. Add a final row with the totals for the numeric columns.",116,True,one_shot,14050,True,Classification,2,2,3
38,What could we do about a stalled enterprise pipeline that we haven't already tried? Flag anything where the source is ambiguous instead of guessing. Sanity check the arithmetic before you present any figure. Call out the two weakest points in the argument as you see them.,62,False,multi_turn,2640,True,Brainstorming,3,1,3
39,Give me just the payment term from the text above.,14,False,one_shot,1520,True,Extraction,1,0,1
40,"Label each of the 20 entries in the incident postmortem below as billing, technical or account access. Do not reformat any field I have not asked you to touch.",39,False,multi_turn,550,True,Classification,2,1,2
41,"How does container shipping actually work, roughly?",9,False,one_shot,0,False,Open QA,1,0,1
42,"Edit the insurance claim file below so it reads less salesy, then analyse what changed in tone versus the original. Leave a placeholder where the legal team needs to insert the disclaimer. Mirror the structure of the last announcement so the series feels consistent. Match the tone of the style guide pasted below rather than your default voice.",78,True,one_shot,5370,True,Rewrite,3,2,3
43,"Parse the clinical trial summarys in this thread and pull out every renewal date, then summarise what the spread looks like. Rank the findings by how much each would change the decision.",43,True,multi_turn,14210,True,Extraction,1,3,2
44,Build me a spreadsheet from the vendor contracts attached. Note which records you were unsure about and why. Sort the output by the most recent date first. Return the result as a table with one row per record. Use ISO dates throughout. Normalise the currency values to USD and say what rate you used. Treat blank and zero as different things. Add a final row with the totals for the numeric columns. Tell me how many records you skipped and on what grounds. Leave the cell blank rather than guessing when a value is missing. Flag any duplicate entries rather than silently collapsing them. Add a count of how many records fell into each bucket.,155,False,one_shot,14400,True,Extraction,1,2,2
45,"Why did creator payouts take off when it did, and what would have to change for it to stall? Sanity check the arithmetic before you present any figure. Give a rough confidence level for each conclusion and say what would raise it. Flag anything where the source is ambiguous instead of guessing. Show your reasoning for each judgement rather than just the conclusion. Distinguish the near-term implications from the structural ones.",96,True,one_shot,820,True,Open QA,1,1,1
46,"Go back over all the lease agreements in this thread and summarise how the story on carbon offset registries changed over time, keeping the numbers that support each shift. Note any assumption you had to make to get there. Note where the sample is too small to carry the conclusion.",68,True,multi_turn,33650,True,Summarization,2,4,3
47,Sort these 500 items into the three buckets we agreed on earlier.,16,False,multi_turn,860,True,Classification,2,1,2
48,"Ideas for a side project at the intersection of container shipping and secondhand fashion resale. Where two sources disagree, say which one you weighted more and why. Rank the findings by how much each would change the decision.",51,True,one_shot,0,False,Brainstorming,3,1,3
49,Thanks. And what about microfinance?,7,False,multi_turn,4220,True,Chatbot,3,2,3
50,Now add phone number handling to that migration script. Explain the trade-off you made on the retry strategy.,24,True,multi_turn,7460,True,Code Generation,3,3,3
51,Summarise the key decisions and owners from this insurance claim file. Sanity check the arithmetic before you present any figure.,27,True,one_shot,2920,True,Summarization,2,1,2
52,"Given everything we covered about secondhand fashion resale, compare the two options again and tell me which holds up better under pressure. Keep the scope to what is actually in front of you, not the wider market. Separate clearly what the data supports from what is your inference.",65,True,multi_turn,3690,True,Open QA,1,2,2
53,Summarise the support thread below in 6 bullets.,11,True,one_shot,1620,True,Summarization,2,1,2
54,"Answer these from the vendor contract below only: what is the severity level, who owns it, and what happens if the deadline slips? Flag anything where the source is ambiguous instead of guessing. Where two sources disagree, say which one you weighted more and why. Tell me what evidence would change your mind on the main claim. Compare it against the version we discussed earlier in this thread.",92,True,one_shot,2310,True,Closed QA,1,1,1
55,I'm going in circles on support tickets spiking every Monday. Talk me through it. Give a rough confidence level for each conclusion and say what would raise it. Note where the sample is too small to carry the conclusion.,53,False,multi_turn,1280,True,Chatbot,3,1,3
56,"Ok so given what we said about shutting down the legacy API, what should I actually do this week?",26,False,multi_turn,15320,True,Chatbot,3,2,3
57,"Using only the clinical trial summary below, does it say anything about student housing?",19,True,one_shot,5420,True,Closed QA,1,2,2
58,Brainstorm 3 ideas for indoor air quality.,9,False,multi_turn,530,True,Brainstorming,3,1,3
59,"Translate the board deck below into Spanish, keeping the formatting. Then analyse which section is weakest for that audience and say why. End with a call to action pointing at the docs.",43,True,one_shot,3980,True,Other,3,1,3
60,"From the lease agreement below, list all the severity levels that appear.",16,False,one_shot,1710,True,Extraction,1,0,1
61,Write a support macro aimed at our support team. Assume the reader has already seen the teaser we sent last week. Match the tone of the style guide pasted below rather than your default voice.,47,False,one_shot,0,False,Text Generation,1,0,1
62,"Summarise the clinical trial summarys attached for a non-technical exec. Flag anything where the source is ambiguous instead of guessing. Give a rough confidence level for each conclusion and say what would raise it. Note any assumption you had to make to get there. If the framing itself is wrong, say so before answering. Tell me what evidence would change your mind on the main claim. Call out the two weakest points in the argument as you see them. Show your reasoning for each judgement rather than just the conclusion.",122,True,one_shot,11920,True,Summarization,2,3,3
63,Now add postcode handling to that rate limiter.,11,False,multi_turn,15880,True,Code Generation,3,2,3
64,Ideas for a side project at the intersection of microfinance and desalination.,16,False,multi_turn,490,True,Brainstorming,3,1,3
65,Plan a 500-day itinerary for Tbilisi around student housing. Assume the reader has already seen the teaser we sent last week.,28,False,one_shot,0,False,Other,3,0,3
66,"Build a Python pagination helper for our service. Keep the existing test suite passing without editing the tests. Include a short docstring for each public function. Assume this runs in a container with no persistent disk. Add unit tests covering the error paths, not just the happy path. Add type hints throughout and make it pass strict mode. Benchmark the hot path and tell me if the change costs anything. Make the logging structured so it parses cleanly downstream. Keep the public interface exactly as it is today.",119,False,one_shot,1620,True,Code Generation,3,0,3
67,"Given everything we covered about student housing, compare the two options again and tell me which holds up better under pressure. Compare it against the version we discussed earlier in this thread.",43,True,multi_turn,3870,True,Open QA,1,2,2
68,"Ideas for a side project at the intersection of warehouse automation and retail banking in Kenya. Call out the two weakest points in the argument as you see them. Where two sources disagree, say which one you weighted more and why.",55,True,one_shot,0,False,Brainstorming,3,1,3
69,I need a performance review about campus food waste by tomorrow. Flag anywhere you had to invent a detail I will need to check. Write it so first-time investors could follow it without any background in the area. Match the tone of the style guide pasted below rather than your default voice. Leave a placeholder where the legal team needs to insert the disclaimer. End with a call to action pointing at the docs. Work in the three pricing tiers without making it read like a price list. Mirror the structure of the last announcement so the series feels consistent. Do not use bullet points anywhere in the body. Keep it under 30 words. Include two short quotes attributed to the engineering lead. Use British spelling throughout. Then analyse which section is weakest for that audience and say why.,188,True,one_shot,0,False,Text Generation,1,2,2
70,Summarise the key decisions and owners from this policy document. Distinguish the near-term implications from the structural ones.,24,True,one_shot,1850,True,Summarization,2,1,2
71,Classify the records in the shift handover log attached by email address.,16,False,multi_turn,1280,True,Classification,2,1,2
72,"Ok so given what we said about taking the London offer, what should I actually do this week?",24,False,multi_turn,4790,True,Chatbot,3,2,3
73,Give me the short version of the board deck attached.,14,False,one_shot,750,True,Summarization,2,0,2
74,Tighten the landing page headline below without losing the detail on urban composting. Leave a placeholder where the legal team needs to insert the disclaimer.,34,False,one_shot,1700,True,Rewrite,3,0,3
75,"According to the clinical trial summary above, what escalation owner was recorded for the second trial arm?",23,True,multi_turn,450,True,Closed QA,1,2,2
76,Summarise the key decisions and owners from this audit report. Tell me what evidence would change your mind on the main claim.,30,True,one_shot,3080,True,Summarization,2,1,2
77,"Go back over all the support threads in this thread and summarise how the story on warehouse automation changed over time, keeping the numbers that support each shift. Point out anything a reviewer would immediately push back on. Keep the scope to what is actually in front of you, not the wider market.",72,True,multi_turn,19480,True,Summarization,2,4,3
78,"Go through the 10 policy documents in this thread, extract the phone number and invoice total for each, then compare them and flag anything inconsistent. If the framing itself is wrong, say so before answering.",47,True,multi_turn,16130,True,Extraction,1,4,3
79,"Hey, I'm trying to decide about self-hosting our analytics. Can you help me think it through? If the framing itself is wrong, say so before answering.",35,False,one_shot,550,True,Chatbot,3,0,3
80,Give me just the dosage from the text above.,12,False,one_shot,1180,True,Extraction,1,0,1
81,I need the SKU for the pilot cohort out of the lease agreement below.,19,False,one_shot,5290,True,Extraction,1,1,1
82,"Hey, I'm trying to decide about moving the team to a four-day week. Can you help me think it through? Distinguish the near-term implications from the structural ones.",38,True,one_shot,0,False,Chatbot,3,1,3
83,Pull the top five takeaways out of the policy document below and note anything the author leaves unsupported. Sanity check the arithmetic before you present any figure. Call out the two weakest points in the argument as you see them.,54,False,one_shot,4340,True,Summarization,2,1,2
84,Classify the records in the support thread attached by escalation owner. Treat blank and zero as different things. Normalise the currency values to USD and say what rate you used.,40,False,one_shot,5560,True,Classification,2,1,2
85,Sort these 300 items into the three buckets we agreed on earlier.,16,False,multi_turn,4100,True,Classification,2,2,3
86,Thanks. And what about desalination?,7,False,multi_turn,3110,True,Chatbot,3,1,3
87,I need a conference abstract about indoor air quality by tomorrow. Keep every sentence under 20 words so it stays scannable on mobile. Use British spelling throughout. Then analyse which section is weakest for that audience and say why. Leave a placeholder where the legal team needs to insert the disclaimer. Work in the three pricing tiers without making it read like a price list. Flag anywhere you had to invent a detail I will need to check. Include two short quotes attributed to the engineering lead. Mirror the structure of the last announcement so the series feels consistent. Keep it under 12 words. End with a call to action pointing at the docs. Write it so our support team could follow it without any background in the area.,174,True,one_shot,0,False,Text Generation,1,2,2
88,"Using only the user interview notes below, does it say anything about creator payouts?",19,False,one_shot,4400,True,Closed QA,1,1,1
89,"According to the policy document above, what postcode was recorded for the second trial arm?",20,False,one_shot,5530,True,Closed QA,1,1,1
90,Write a 40-sentence release note for the pilot cohort.,12,False,one_shot,0,False,Text Generation,1,0,1
91,"Based on the attached product spec, when is the escalation owner?",15,False,one_shot,850,True,Closed QA,1,0,1
92,"Go through the 150 support threads in this thread, extract the contract value and counterparty name for each, then compare them and flag anything inconsistent.",34,True,multi_turn,61900,True,Extraction,1,4,3
93,"Using only the research paper below, does it say anything about carbon offset registries?",19,False,one_shot,4430,True,Closed QA,1,1,1
94,Brainstorm 12 ideas for grid-scale storage.,8,False,one_shot,0,False,Brainstorming,3,0,3
95,Is grid-scale storage regulated differently in the EU than in the US?,16,False,multi_turn,410,True,Open QA,1,1,1
96,Summarise the product spec below in 3 bullets.,11,True,one_shot,5670,True,Summarization,2,2,3
97,"Label each of the 30 entries in the grant proposal below as billing, technical or account access.",23,False,one_shot,2670,True,Classification,2,0,2
98,Does the insurance claim file attached support the claim about microfinance? Quote the line if so. Show your reasoning for each judgement rather than just the conclusion.,36,False,one_shot,4490,True,Closed QA,1,1,1
99,Play devil's advocate against my decision about taking the London offer.,15,False,one_shot,1700,True,Other,3,0,3
100,Summarise the key decisions and owners from this product spec. Flag anything where the source is ambiguous instead of guessing.,27,True,one_shot,5680,True,Summarization,2,2,3
101,What is the capital of Ljubljana's region and roughly how many people live there?,19,False,one_shot,0,False,Open QA,1,0,1
102,Go through the Slack exports attached and mark which ones touch on warehouse automation. Tell me how many records you skipped and on what grounds. Use ISO dates throughout. Do not reformat any field I have not asked you to touch. Treat blank and zero as different things. Normalise the currency values to USD and say what rate you used. Add a count of how many records fell into each bucket. Sort the output by the most recent date first. Flag any duplicate entries rather than silently collapsing them. Leave the cell blank rather than guessing when a value is missing. Keep the original identifiers so I can join this back to the source. Strip out the internal test records before you count anything.,167,False,one_shot,23670,True,Classification,2,3,3
103,"Summarise the grant proposals attached for a procurement committee. Separate clearly what the data supports from what is your inference. If the framing itself is wrong, say so before answering. Tell me what evidence would change your mind on the main claim. Rank the findings by how much each would change the decision. Point out anything a reviewer would immediately push back on. Sanity check the arithmetic before you present any figure. Where two sources disagree, say which one you weighted more and why. Note any assumption you had to make to get there. Keep the scope to what is actually in front of you, not the wider market. Give a rough confidence level for each conclusion and say what would raise it. Distinguish the near-term implications from the structural ones. Flag anything where the source is ambiguous instead of guessing.",190,True,multi_turn,7990,True,Summarization,2,4,3
104,"From the vendor contract below, list all the SKUs that appear.",15,False,one_shot,1030,True,Extraction,1,0,1
105,Give me the short version of the user interview notes attached.,15,False,one_shot,990,True,Summarization,2,0,2
106,"According to the shift handover log above, what deadline was recorded for the pilot cohort?",20,False,one_shot,970,True,Closed QA,1,0,1
107,Pull the top five takeaways out of the RFP response below and note anything the author leaves unsupported. Note any assumption you had to make to get there. Call out the two weakest points in the argument as you see them.,55,False,one_shot,14270,True,Summarization,2,1,2
108,"Using only the research paper below, does it say anything about desalination?",16,False,one_shot,1480,True,Closed QA,1,0,1
109,Write a Kotlin function that validates invoice totals. Make the logging structured so it parses cleanly downstream.,23,False,one_shot,570,True,Code Generation,3,0,3
110,I need a newsletter intro about grid-scale storage by tomorrow. Give me three alternative headline options at the end. Do not use bullet points anywhere in the body. Leave a placeholder where the legal team needs to insert the disclaimer. Mirror the structure of the last announcement so the series feels consistent. Write it so high school students could follow it without any background in the area. Open with a customer problem rather than a feature list.,104,False,multi_turn,540,True,Text Generation,1,1,1
111,I need the email address for the pilot cohort out of the shift handover log below.,22,False,one_shot,5000,True,Extraction,1,1,1
112,Extract every phone number and postcode from the research paper below and put them in a table. Sort the output by the most recent date first.,35,False,one_shot,4930,True,Extraction,1,1,1
113,"Translate the RFP response below into Spanish, keeping the formatting. Do not use bullet points anywhere in the body. Work in the three pricing tiers without making it read like a price list.",45,False,multi_turn,5280,True,Other,3,2,3
114,"We're stuck on slow contract turnaround. Throw out some options. Distinguish the near-term implications from the structural ones. If the framing itself is wrong, say so before answering.",38,True,one_shot,1440,True,Brainstorming,3,1,3
115,Give me just the job title from the text above.,14,False,one_shot,1620,True,Extraction,1,0,1
116,Play devil's advocate against my decision about moving the team to a four-day week. Compare it against the version we discussed earlier in this thread. Note where the sample is too small to carry the conclusion.,49,True,one_shot,430,True,Other,3,1,3
117,Condense that into a paragraph the board could read in 30 seconds.,16,False,multi_turn,3790,True,Summarization,2,1,2
118,Build a Java connection pool for our service. Keep it compatible with the current config format so nothing needs migrating. Note anywhere the change could break a caller you cannot see. Make the logging structured so it parses cleanly downstream. Write it so it degrades gracefully when the upstream is down. Do not add any new third-party dependencies. Leave a comment wherever the behaviour is deliberately non-obvious. Explain the trade-off you made on the retry strategy.,103,True,one_shot,670,True,Code Generation,3,1,3
119,Give me the short version of the incident postmortem attached.,14,False,one_shot,2990,True,Summarization,2,0,2
120,"Write the job posting for our new swarm robotics product. End with a call to action pointing at the docs. Avoid naming any competitor, even indirectly. Include two short quotes attributed to the engineering lead. Do not use bullet points anywhere in the body. Match the tone of the style guide pasted below rather than your default voice. Leave a placeholder where the legal team needs to insert the disclaimer. Open with a customer problem rather than a feature list.",108,False,one_shot,1440,True,Text Generation,1,0,1
121,Pull the payment term from each of the 5 product specs attached.,16,False,one_shot,3260,True,Extraction,1,0,1
122,Summarise the lease agreement below in 5 bullets.,11,True,one_shot,1440,True,Summarization,2,1,2
123,Now add escalation owner handling to that auth middleware. Add type hints throughout and make it pass strict mode. Keep it compatible with the current config format so nothing needs migrating.,42,False,multi_turn,5470,True,Code Generation,3,2,3
124,Summarise the product spec below in 30 bullets. Flag anything where the source is ambiguous instead of guessing.,24,True,one_shot,1500,True,Summarization,2,1,2
125,Build a Go auth middleware for our service. Add type hints throughout and make it pass strict mode. Keep the public interface exactly as it is today. Handle the timeout case explicitly rather than letting it bubble. Benchmark the hot path and tell me if the change costs anything. Assume this runs in a container with no persistent disk. Leave a comment wherever the behaviour is deliberately non-obvious. Note anywhere the change could break a caller you cannot see. Avoid any global mutable state. Write it so it degrades gracefully when the upstream is down.,128,False,one_shot,2860,True,Code Generation,3,1,3
126,"I need a conference abstract about desalination by tomorrow. End with a call to action pointing at the docs. Avoid naming any competitor, even indirectly. Use British spelling throughout. Give me three alternative headline options at the end. Keep every sentence under 20 words so it stays scannable on mobile. Leave a placeholder where the legal team needs to insert the disclaimer.",84,False,one_shot,0,False,Text Generation,1,0,1
127,"Summarise the Slack exports attached for first-time investors. Compare it against the version we discussed earlier in this thread. Give a rough confidence level for each conclusion and say what would raise it. Keep the scope to what is actually in front of you, not the wider market. Point out anything a reviewer would immediately push back on. If the framing itself is wrong, say so before answering. Separate clearly what the data supports from what is your inference. Flag anything where the source is ambiguous instead of guessing. Where two sources disagree, say which one you weighted more and why. Note where the sample is too small to carry the conclusion. Sanity check the arithmetic before you present any figure. Tell me what evidence would change your mind on the main claim. Show your reasoning for each judgement rather than just the conclusion. Distinguish the near-term implications from the structural ones.",205,True,one_shot,89610,True,Summarization,2,4,3
128,Sort these 3 items into the three buckets we agreed on earlier. Note which records you were unsure about and why. Flag any duplicate entries rather than silently collapsing them.,40,False,multi_turn,520,True,Classification,2,1,2
129,"Summarise the meeting transcripts attached for the ops team. Compare it against the version we discussed earlier in this thread. Note any assumption you had to make to get there. Where two sources disagree, say which one you weighted more and why. Distinguish the near-term implications from the structural ones. Keep the scope to what is actually in front of you, not the wider market. If the framing itself is wrong, say so before answering. Show your reasoning for each judgement rather than just the conclusion. Call out the two weakest points in the argument as you see them. Give a rough confidence level for each conclusion and say what would raise it.",153,True,one_shot,77200,True,Summarization,2,4,3
130,"What could we do about support tickets spiking every Monday that we haven't already tried? Where two sources disagree, say which one you weighted more and why.",36,True,one_shot,6910,True,Brainstorming,3,2,3
131,"Using only the board deck below, does it say anything about freight rail scheduling?",19,False,one_shot,3320,True,Closed QA,1,0,1
132,Build me a spreadsheet from the grant proposals attached. Note which records you were unsure about and why. Flag any duplicate entries rather than silently collapsing them. Tell me how many records you skipped and on what grounds. Keep the original identifiers so I can join this back to the source. Do not reformat any field I have not asked you to touch. Add a final row with the totals for the numeric columns. Add a count of how many records fell into each bucket.,115,False,multi_turn,71920,True,Extraction,1,3,2
133,Write the landing page headline for our new secondhand fashion resale product. Mirror the structure of the last announcement so the series feels consistent. Write it so new hires could follow it without any background in the area. End with a call to action pointing at the docs. Match the tone of the style guide pasted below rather than your default voice. Then analyse which section is weakest for that audience and say why. Include two short quotes attributed to the engineering lead. Keep it under 100 words.,119,True,one_shot,1250,True,Text Generation,1,1,1
134,"Using only the RFP response below, does it say anything about indoor air quality?",19,False,multi_turn,1280,True,Closed QA,1,1,1
135,What would it take to get into urban composting with no background in it? Point out anything a reviewer would immediately push back on. Compare it against the version we discussed earlier in this thread. Distinguish the near-term implications from the structural ones.,58,True,one_shot,0,False,Open QA,1,1,1
136,Thanks. And what about carbon offset registries?,9,False,multi_turn,1150,True,Chatbot,3,1,3
137,"Looking back at the meeting transcript I shared earlier, what did it say about the Nairobi office?",23,False,multi_turn,2440,True,Closed QA,1,1,1
138,Refactor this TypeScript rate limiter to be async and keep the behaviour identical. Include a short docstring for each public function. Write it so it degrades gracefully when the upstream is down. Keep it compatible with the current config format so nothing needs migrating.,59,False,one_shot,5720,True,Code Generation,3,1,3
139,"According to the research paper above, what severity level was recorded for the northern depot?",20,False,one_shot,610,True,Closed QA,1,0,1
140,Rewrite this conference abstract so it sounds less salesy.,12,False,one_shot,930,True,Rewrite,3,0,3
141,"Port this session store from Python to Kotlin. Note anywhere the change could break a caller you cannot see. Add unit tests covering the error paths, not just the happy path. Include a short docstring for each public function. Keep the existing test suite passing without editing the tests. Make the logging structured so it parses cleanly downstream. Write it so it degrades gracefully when the upstream is down. Avoid any global mutable state. Leave a comment wherever the behaviour is deliberately non-obvious.",112,False,one_shot,21730,True,Code Generation,3,2,3
142,"Roleplay as a product coach and interview me about prediction markets. Separate clearly what the data supports from what is your inference. If the framing itself is wrong, say so before answering.",43,False,one_shot,1670,True,Other,3,0,3
143,"Build a Go migration script for our service. Keep the public interface exactly as it is today. Keep the existing test suite passing without editing the tests. Avoid any global mutable state. Benchmark the hot path and tell me if the change costs anything. Make the logging structured so it parses cleanly downstream. Include a short docstring for each public function. Add unit tests covering the error paths, not just the happy path. Assume this runs in a container with no persistent disk. Do not add any new third-party dependencies.",122,False,multi_turn,5110,True,Code Generation,3,3,3
144,Rewrite this performance review so it sounds plainer. Keep every sentence under 20 words so it stays scannable on mobile.,27,False,one_shot,1750,True,Rewrite,3,0,3
145,"Why did freight rail scheduling take off when it did, and what would have to change for it to stall? Sanity check the arithmetic before you present any figure. Call out the two weakest points in the argument as you see them. Rank the findings by how much each would change the decision. Point out anything a reviewer would immediately push back on.",85,False,one_shot,0,False,Open QA,1,0,1
146,"Label each of the 300 entries in the Slack export below as billing, technical or account access.",23,False,one_shot,1730,True,Classification,2,0,2
147,"According to the audit report above, what email address was recorded for the northern depot?",20,False,one_shot,1260,True,Closed QA,1,0,1
148,"Edit the insurance claim file below so it reads more concise, then analyse what changed in tone versus the original. Give me three alternative headline options at the end. Work in the three pricing tiers without making it read like a price list. Keep it under 50 words.",65,True,one_shot,15040,True,Rewrite,3,2,3
149,Refactor this TypeScript session store to be async and keep the behaviour identical. Add type hints throughout and make it pass strict mode. Explain the trade-off you made on the retry strategy.,43,True,multi_turn,2290,True,Code Generation,3,2,3
150,"Rewrite the landing page headline attached for the ops team. Keep it under 4 words. Avoid naming any competitor, even indirectly. Keep every sentence under 20 words so it stays scannable on mobile. Give me three alternative headline options at the end. Do not use bullet points anywhere in the body. Assume the reader has already seen the teaser we sent last week. Do not promise any delivery date we have not publicly committed to. Open with a customer problem rather than a feature list. Flag anywhere you had to invent a detail I will need to check. Match the tone of the style guide pasted below rather than your default voice. Mirror the structure of the last announcement so the series feels consistent.",167,False,one_shot,12390,True,Rewrite,3,2,3
151,Refactor this Python CSV parser to be async and keep the behaviour identical. Keep it compatible with the current config format so nothing needs migrating. Make the logging structured so it parses cleanly downstream.,46,False,one_shot,17270,True,Code Generation,3,2,3
152,"Answer these from the grant proposal below only: what is the invoice total, who owns it, and what happens if the deadline slips? Keep the scope to what is actually in front of you, not the wider market. Where two sources disagree, say which one you weighted more and why. Tell me what evidence would change your mind on the main claim. Show your reasoning for each judgement rather than just the conclusion. Separate clearly what the data supports from what is your inference. Distinguish the near-term implications from the structural ones. If the framing itself is wrong, say so before answering.",138,True,one_shot,13350,True,Closed QA,1,3,2
153,Pull the top five takeaways out of the onboarding guide below and note anything the author leaves unsupported. Show your reasoning for each judgement rather than just the conclusion. Separate clearly what the data supports from what is your inference.,54,False,one_shot,2580,True,Summarization,2,0,2
154,Build me a spreadsheet from the customer review batchs attached. Flag any duplicate entries rather than silently collapsing them. Treat blank and zero as different things. Strip out the internal test records before you count anything. Leave the cell blank rather than guessing when a value is missing. Sort the output by the most recent date first. Normalise the currency values to USD and say what rate you used. Note which records you were unsure about and why. Preserve the original ordering of the records. Add a final row with the totals for the numeric columns. Return the result as a table with one row per record. Do not reformat any field I have not asked you to touch. Add a count of how many records fell into each bucket.,176,False,multi_turn,17560,True,Extraction,1,4,3
155,"Act as a product coach and review the grant proposal attached the way they would. Sanity check the arithmetic before you present any figure. Tell me what evidence would change your mind on the main claim. Note where the sample is too small to carry the conclusion. Call out the two weakest points in the argument as you see them. If the framing itself is wrong, say so before answering. Flag anything where the source is ambiguous instead of guessing.",108,False,one_shot,9130,True,Other,3,1,3
156,Give me the short version of the shift handover log attached.,15,False,one_shot,2830,True,Summarization,2,0,2
157,"How does student housing actually work, roughly?",9,False,one_shot,0,False,Open QA,1,0,1
158,"Using only the grant proposal below, does it say anything about retail banking in Kenya?",20,False,one_shot,2820,True,Closed QA,1,0,1
159,What could we do about churn in the free tier that we haven't already tried? Show your reasoning for each judgement rather than just the conclusion.,35,False,multi_turn,5860,True,Brainstorming,3,2,3
160,Give me the short version of the support thread attached.,14,False,one_shot,4800,True,Summarization,2,1,2
161,I need a product description about student housing by tomorrow. Include two short quotes attributed to the engineering lead. End with a call to action pointing at the docs. Work in the three pricing tiers without making it read like a price list. Leave a placeholder where the legal team needs to insert the disclaimer. Assume the reader has already seen the teaser we sent last week. Keep every sentence under 20 words so it stays scannable on mobile. Do not use bullet points anywhere in the body. Open with a customer problem rather than a feature list.,132,False,one_shot,0,False,Text Generation,1,1,1
162,"Wait, does that change if the timeline slips by a month?",15,False,multi_turn,3750,True,Chatbot,3,1,3
163,Go through the customer review batchs attached and mark which ones touch on student housing. Tell me how many records you skipped and on what grounds. Preserve the original ordering of the records. Add a final row with the totals for the numeric columns. Leave the cell blank rather than guessing when a value is missing. Strip out the internal test records before you count anything. Do not reformat any field I have not asked you to touch. Return the result as a table with one row per record. Keep the original identifiers so I can join this back to the source. Sort the output by the most recent date first. Normalise the currency values to USD and say what rate you used.,166,False,one_shot,16610,True,Classification,2,3,3
164,"Based on the attached support thread, when is the invoice total?",15,False,one_shot,1400,True,Closed QA,1,0,1
165,"Answer these from the insurance claim file below only: what is the invoice total, who owns it, and what happens if the deadline slips? Show your reasoning for each judgement rather than just the conclusion. Compare it against the version we discussed earlier in this thread. Give a rough confidence level for each conclusion and say what would raise it. Distinguish the near-term implications from the structural ones.",92,True,one_shot,3710,True,Closed QA,1,1,1
166,"Using only the policy document below, does it say anything about esports sponsorship?",18,False,one_shot,5350,True,Closed QA,1,1,1
167,What is the capital of Marrakech's region and roughly how many people live there?,19,False,one_shot,0,False,Open QA,1,0,1
168,"Give me a first draft of a internal memo for a non-technical exec, based on the grant proposal below. Avoid naming any competitor, even indirectly. Work in the three pricing tiers without making it read like a price list. Flag anywhere you had to invent a detail I will need to check.",70,False,one_shot,3820,True,Text Generation,1,0,1
169,What could we do about support tickets spiking every Monday that we haven't already tried? Call out the two weakest points in the argument as you see them. Note any assumption you had to make to get there.,51,False,one_shot,2380,True,Brainstorming,3,0,3
170,Condense that into a paragraph new hires could read in 30 seconds. Leave a placeholder where the legal team needs to insert the disclaimer.,32,False,multi_turn,4390,True,Summarization,2,2,3
171,Is urban composting regulated differently in the EU than in the US?,16,False,one_shot,1240,True,Open QA,1,0,1
172,"Why did container shipping take off when it did, and what would have to change for it to stall? Show your reasoning for each judgement rather than just the conclusion. Give a rough confidence level for each conclusion and say what would raise it. Tell me what evidence would change your mind on the main claim. Flag anything where the source is ambiguous instead of guessing.",89,False,one_shot,0,False,Open QA,1,0,1
173,Write the conference abstract for our new microfinance product. Do not promise any delivery date we have not publicly committed to. Open with a customer problem rather than a feature list. Then analyse which section is weakest for that audience and say why. Include two short quotes attributed to the engineering lead. Write it so high school students could follow it without any background in the area. Flag anywhere you had to invent a detail I will need to check. Keep every sentence under 20 words so it stays scannable on mobile. Use British spelling throughout. Keep it under 150 words. Mirror the structure of the last announcement so the series feels consistent. End with a call to action pointing at the docs.,166,True,one_shot,1830,True,Text Generation,1,2,2
174,I need the severity level for the Q3 filing out of the customer review batch below.,22,False,multi_turn,1320,True,Extraction,1,1,1
175,Which of these 20 entries are worth escalating?,11,False,multi_turn,1820,True,Classification,2,1,2
176,"Port this rate limiter from Kotlin to Ruby. Keep the public interface exactly as it is today. Handle the timeout case explicitly rather than letting it bubble. Assume this runs in a container with no persistent disk. Avoid any global mutable state. Add unit tests covering the error paths, not just the happy path.",73,False,one_shot,22500,True,Code Generation,3,2,3
177,I need a cover letter about warehouse automation by tomorrow. Mirror the structure of the last announcement so the series feels consistent. Assume the reader has already seen the teaser we sent last week. End with a call to action pointing at the docs. Keep every sentence under 20 words so it stays scannable on mobile. Match the tone of the style guide pasted below rather than your default voice. Give me three alternative headline options at the end. Write it so a procurement committee could follow it without any background in the area. Flag anywhere you had to invent a detail I will need to check.,144,False,one_shot,1330,True,Text Generation,1,1,1
178,"Give me a first draft of a cover letter for the ops team, based on the lease agreement below. Keep every sentence under 20 words so it stays scannable on mobile. Use British spelling throughout. Do not promise any delivery date we have not publicly committed to. Do not use bullet points anywhere in the body.",76,False,one_shot,5060,True,Text Generation,1,1,1
179,Pull the deadline from each of the 50 policy documents attached.,15,False,one_shot,14120,True,Extraction,1,1,1
180,Rewrite this product description so it sounds less formal.,12,False,one_shot,1330,True,Rewrite,3,0,3
181,"How does warehouse automation actually work, roughly?",9,False,one_shot,0,False,Open QA,1,0,1
182,"Pull the top five takeaways out of the Slack export below and note anything the author leaves unsupported. Rank the findings by how much each would change the decision. Give a rough confidence level for each conclusion and say what would raise it. Where two sources disagree, say which one you weighted more and why.",74,True,multi_turn,6010,True,Summarization,2,3,3
183,"Write the product description for our new campus food waste product. Keep it under 8 words. Use British spelling throughout. Include two short quotes attributed to the engineering lead. Leave a placeholder where the legal team needs to insert the disclaimer. Give me three alternative headline options at the end. Avoid naming any competitor, even indirectly. Flag anywhere you had to invent a detail I will need to check. End with a call to action pointing at the docs. Assume the reader has already seen the teaser we sent last week. Do not use bullet points anywhere in the body. Match the tone of the style guide pasted below rather than your default voice. Keep every sentence under 20 words so it stays scannable on mobile. Mirror the structure of the last announcement so the series feels consistent.",186,False,one_shot,1780,True,Text Generation,1,1,1
184,Refactor this Kotlin pagination helper to be async and keep the behaviour identical. Keep the existing test suite passing without editing the tests.,31,False,multi_turn,12190,True,Code Generation,3,2,3
185,Give me the short version of the customer review batch attached.,15,False,one_shot,4160,True,Summarization,2,1,2
186,"Based on the attached onboarding guide, when is the payment term?",15,False,one_shot,1750,True,Closed QA,1,0,1
187,"Label each of the 25 entries in the vendor contract below as billing, technical or account access. Tell me how many records you skipped and on what grounds.",38,False,multi_turn,3830,True,Classification,2,1,2
188,"Edit the customer review batch below so it reads more confident, then analyse what changed in tone versus the original. Avoid naming any competitor, even indirectly. Write it so high school students could follow it without any background in the area. Do not use bullet points anywhere in the body.",68,True,one_shot,14190,True,Rewrite,3,2,3
189,Is secondhand fashion resale regulated differently in the EU than in the US? Note where the sample is too small to carry the conclusion.,32,False,one_shot,0,False,Open QA,1,0,1
190,Write a 200-sentence landing page headline for the northern depot. Do not use bullet points anywhere in the body.,26,False,one_shot,0,False,Text Generation,1,0,1
191,What would it take to get into urban composting with no background in it? Note where the sample is too small to carry the conclusion.,34,False,one_shot,0,False,Open QA,1,0,1
192,Summarise the key decisions and owners from this RFP response.,14,True,one_shot,3560,True,Summarization,2,1,2
193,Condense that into a paragraph first-time investors could read in 30 seconds.,16,False,multi_turn,5010,True,Summarization,2,2,3
194,Write a Python function that validates postcodes.,9,False,one_shot,1300,True,Code Generation,3,0,3
195,Extract every author affiliation and renewal date from the Slack export below and put them in a table. Tell me how many records you skipped and on what grounds.,39,False,one_shot,1700,True,Extraction,1,0,1
196,"Go through the 75 onboarding guides in this thread, extract the payment term and counterparty name for each, then compare them and flag anything inconsistent. Where two sources disagree, say which one you weighted more and why.",50,True,multi_turn,77000,True,Extraction,1,4,3
197,"Go back over all the board decks in this thread and summarise how the story on secondhand fashion resale changed over time, keeping the numbers that support each shift. Show your reasoning for each judgement rather than just the conclusion. Point out anything a reviewer would immediately push back on. Rank the findings by how much each would change the decision.",82,True,multi_turn,46670,True,Summarization,2,4,3
198,"According to the customer review batch above, what deadline was recorded for the second trial arm?",22,False,one_shot,4440,True,Closed QA,1,1,1
199,Make that version more concise.,7,False,multi_turn,4580,True,Rewrite,3,2,3
200,"Go through the 25 grant proposals in this thread, extract the postcode and job title for each, then compare them and flag anything inconsistent. Compare it against the version we discussed earlier in this thread.",47,True,multi_turn,34200,True,Extraction,1,4,3
201,"Why did esports sponsorship take off when it did, and what would have to change for it to stall? Separate clearly what the data supports from what is your inference. Sanity check the arithmetic before you present any figure. Where two sources disagree, say which one you weighted more and why.",69,True,one_shot,780,True,Open QA,1,1,1
202,"Why did creator payouts take off when it did, and what would have to change for it to stall? Note where the sample is too small to carry the conclusion. Flag anything where the source is ambiguous instead of guessing. Sanity check the arithmetic before you present any figure. Show your reasoning for each judgement rather than just the conclusion. Point out anything a reviewer would immediately push back on.",94,False,one_shot,0,False,Open QA,1,0,1
203,"From the Slack export below, list all the dosages that appear.",15,False,one_shot,580,True,Extraction,1,0,1
204,"How does desalination actually work, roughly?",8,False,one_shot,0,False,Open QA,1,0,1
205,Pull the escalation owner from each of the 6 policy documents attached. Add a count of how many records fell into each bucket.,31,False,one_shot,3770,True,Extraction,1,0,1
206,"Go through the 5 support threads in this thread, extract the SKU and escalation owner for each, then compare them and flag anything inconsistent. Give a rough confidence level for each conclusion and say what would raise it.",51,True,one_shot,59830,True,Extraction,1,3,2
207,"What would it take to get into swarm robotics with no background in it? Where two sources disagree, say which one you weighted more and why. Show your reasoning for each judgement rather than just the conclusion. Give a rough confidence level for each conclusion and say what would raise it.",69,True,multi_turn,460,True,Open QA,1,2,2
208,Refactor this Python connection pool to be async and keep the behaviour identical. Leave a comment wherever the behaviour is deliberately non-obvious. Assume this runs in a container with no persistent disk. Handle the timeout case explicitly rather than letting it bubble.,57,False,multi_turn,4820,True,Code Generation,3,2,3
209,"Port this job queue from Rust to Ruby. Keep the public interface exactly as it is today. Include a short docstring for each public function. Leave a comment wherever the behaviour is deliberately non-obvious. Keep it compatible with the current config format so nothing needs migrating. Benchmark the hot path and tell me if the change costs anything. Add unit tests covering the error paths, not just the happy path.",94,False,one_shot,76760,True,Code Generation,3,2,3
210,"Edit the user interview notes below so it reads friendlier, then analyse what changed in tone versus the original. Include two short quotes attributed to the engineering lead.",38,True,one_shot,4980,True,Rewrite,3,2,3
211,"Why did remote patient monitoring take off when it did, and what would have to change for it to stall? Point out anything a reviewer would immediately push back on. Compare it against the version we discussed earlier in this thread. Separate clearly what the data supports from what is your inference. Keep the scope to what is actually in front of you, not the wider market. Sanity check the arithmetic before you present any figure.",103,True,one_shot,0,False,Open QA,1,1,1
212,Pull the top five takeaways out of the vendor contract below and note anything the author leaves unsupported. Separate clearly what the data supports from what is your inference.,39,False,one_shot,6690,True,Summarization,2,1,2
213,Summarise the user interview notes below in 20 bullets. Rank the findings by how much each would change the decision.,27,True,multi_turn,5890,True,Summarization,2,3,3
214,I need the payment term for the Q3 filing out of the board deck below.,20,False,one_shot,1090,True,Extraction,1,0,1
215,"Go back over all the meeting transcripts in this thread and summarise how the story on urban composting changed over time, keeping the numbers that support each shift. Give a rough confidence level for each conclusion and say what would raise it. Point out anything a reviewer would immediately push back on.",70,True,multi_turn,71690,True,Summarization,2,4,3
216,Refactor this Python pagination helper to be async and keep the behaviour identical. Make the logging structured so it parses cleanly downstream. Avoid any global mutable state. Include a short docstring for each public function.,47,False,multi_turn,16270,True,Code Generation,3,3,3
217,"Why did container shipping take off when it did, and what would have to change for it to stall? Sanity check the arithmetic before you present any figure. Distinguish the near-term implications from the structural ones. Compare it against the version we discussed earlier in this thread. Flag anything where the source is ambiguous instead of guessing.",77,True,one_shot,1570,True,Open QA,1,1,1
218,"Tag each row in the Slack export below, then compare the distribution against the batch I sent earlier. Give a rough confidence level for each conclusion and say what would raise it.",43,True,multi_turn,36850,True,Classification,2,4,3
219,"According to the support thread above, what contract value was recorded for the Q3 filing?",20,False,multi_turn,1340,True,Closed QA,1,1,1
220,Does the product spec attached support the claim about swarm robotics? Quote the line if so. Show your reasoning for each judgement rather than just the conclusion. Call out the two weakest points in the argument as you see them.,54,False,one_shot,13360,True,Closed QA,1,1,1
221,Classify the records in the policy document attached by escalation owner. Do not reformat any field I have not asked you to touch.,31,False,one_shot,1650,True,Classification,2,0,2
222,Write a internal memo aimed at the board. Give me three alternative headline options at the end.,23,False,one_shot,1610,True,Text Generation,1,0,1
223,Debug why this caching layer drops requests under load. Include a short docstring for each public function. Explain the trade-off you made on the retry strategy.,35,True,one_shot,5080,True,Code Generation,3,2,3
224,Summarise the customer review batch below in 25 bullets.,12,True,one_shot,1980,True,Summarization,2,1,2
225,"Give me a first draft of a release note for a procurement committee, based on the incident postmortem below. Then analyse which section is weakest for that audience and say why. Write it so our support team could follow it without any background in the area.",62,True,one_shot,5290,True,Text Generation,1,2,2
226,Extract every phone number and contract value from the grant proposal below and put them in a table.,24,False,one_shot,5200,True,Extraction,1,1,1
227,"Ok so given what we said about moving the team to a four-day week, what should I actually do this week? Keep the scope to what is actually in front of you, not the wider market.",49,False,multi_turn,13430,True,Chatbot,3,2,3
228,"Based on the attached lease agreement, when is the deadline?",14,False,one_shot,1460,True,Closed QA,1,0,1
229,Give me just the escalation owner from the text above.,14,False,one_shot,1380,True,Extraction,1,0,1
230,Summarise the key decisions and owners from this lease agreement.,14,True,one_shot,640,True,Summarization,2,1,2
231,Now add payment term handling to that feature flag client.,14,False,multi_turn,1900,True,Code Generation,3,1,3
232,Write a 6-sentence internal memo for the 2024 renewal. Flag anywhere you had to invent a detail I will need to check.,30,False,one_shot,0,False,Text Generation,1,0,1
233,"Given everything we covered about indoor air quality, compare the two options again and tell me which holds up better under pressure. Flag anything where the source is ambiguous instead of guessing. Call out the two weakest points in the argument as you see them.",61,True,one_shot,3110,True,Open QA,1,1,1
234,Pull the top five takeaways out of the support thread below and note anything the author leaves unsupported. Point out anything a reviewer would immediately push back on. Flag anything where the source is ambiguous instead of guessing. Sanity check the arithmetic before you present any figure.,63,False,one_shot,4660,True,Summarization,2,1,2
235,Which of these 40 entries are worth escalating?,11,False,one_shot,5080,True,Classification,2,1,2
236,"Given everything we covered about microfinance, compare the two options again and tell me which holds up better under pressure. Compare it against the version we discussed earlier in this thread. Separate clearly what the data supports from what is your inference.",57,True,multi_turn,5880,True,Open QA,1,3,2
237,Classify the records in the lease agreement attached by author affiliation. Strip out the internal test records before you count anything.,28,False,one_shot,510,True,Classification,2,0,2
238,Which of these 75 entries are worth escalating? Do not reformat any field I have not asked you to touch.,27,False,one_shot,3060,True,Classification,2,0,2
239,Give me just the deadline from the text above.,12,False,one_shot,1390,True,Extraction,1,0,1
240,Write the support macro for our new secondhand fashion resale product. Use British spelling throughout. Keep every sentence under 20 words so it stays scannable on mobile. Include two short quotes attributed to the engineering lead. Give me three alternative headline options at the end. Do not promise any delivery date we have not publicly committed to. Work in the three pricing tiers without making it read like a price list. Keep it under 30 words. End with a call to action pointing at the docs.,116,False,one_shot,2980,True,Text Generation,1,0,1
241,Refactor this Go pagination helper to be async and keep the behaviour identical. Keep the public interface exactly as it is today. Do not add any new third-party dependencies.,39,False,one_shot,6500,True,Code Generation,3,1,3
242,Give me the short version of the earnings call transcript attached.,15,False,multi_turn,750,True,Summarization,2,1,2
243,Sort these 30 items into the three buckets we agreed on earlier. Sort the output by the most recent date first. Leave the cell blank rather than guessing when a value is missing.,45,False,multi_turn,1140,True,Classification,2,1,2
244,Pull the phone number from each of the 40 grant proposals attached. Add a final row with the totals for the numeric columns.,31,False,one_shot,10140,True,Extraction,1,1,1
245,Which of these 10 entries are worth escalating? Note which records you were unsure about and why.,23,False,multi_turn,5170,True,Classification,2,2,3
246,Extract every email address and SKU from the audit report below and put them in a table.,23,False,one_shot,2700,True,Extraction,1,0,1
247,Debug why this rate limiter drops requests under load. Add type hints throughout and make it pass strict mode. Keep the public interface exactly as it is today. Leave a comment wherever the behaviour is deliberately non-obvious.,50,False,one_shot,13730,True,Code Generation,3,1,3
248,"Build a Go CSV parser for our service. Add unit tests covering the error paths, not just the happy path. Do not add any new third-party dependencies. Keep the public interface exactly as it is today. Handle the timeout case explicitly rather than letting it bubble. Keep it compatible with the current config format so nothing needs migrating. Include a short docstring for each public function. Assume this runs in a container with no persistent disk.",103,False,one_shot,1440,True,Code Generation,3,0,3
249,What could we do about a stalled enterprise pipeline that we haven't already tried? Note any assumption you had to make to get there. Point out anything a reviewer would immediately push back on. Call out the two weakest points in the argument as you see them.,63,False,one_shot,14220,True,Brainstorming,3,1,3
250,Plan a 150-day itinerary for Medellin around warehouse automation. Keep it under 4 words. Do not use bullet points anywhere in the body. Use British spelling throughout. Mirror the structure of the last announcement so the series feels consistent.,53,False,one_shot,1730,True,Other,3,0,3
251,Summarise the key decisions and owners from this board deck.,14,True,one_shot,3000,True,Summarization,2,1,2
252,Classify the records in the earnings call transcript attached by deadline. Use ISO dates throughout. Return the result as a table with one row per record.,35,False,one_shot,2060,True,Classification,2,0,2
253,Brainstorm 5 ideas for grid-scale storage.,8,False,one_shot,0,False,Brainstorming,3,0,3
254,"Label each of the 12 entries in the earnings call transcript below as billing, technical or account access. Strip out the internal test records before you count anything.",38,False,one_shot,1530,True,Classification,2,0,2
255,Now add dosage handling to that audit logger. Write it so it degrades gracefully when the upstream is down. Avoid any global mutable state.,32,False,multi_turn,9840,True,Code Generation,3,2,3
256,Roleplay as a tax auditor and interview me about student housing. Distinguish the near-term implications from the structural ones.,26,True,multi_turn,1390,True,Other,3,2,3
257,"Act as a product coach and review the Slack export attached the way they would. Note where the sample is too small to carry the conclusion. Show your reasoning for each judgement rather than just the conclusion. Tell me what evidence would change your mind on the main claim. Rank the findings by how much each would change the decision. Note any assumption you had to make to get there. Flag anything where the source is ambiguous instead of guessing. Where two sources disagree, say which one you weighted more and why. Distinguish the near-term implications from the structural ones. Compare it against the version we discussed earlier in this thread. Give a rough confidence level for each conclusion and say what would raise it.",169,True,multi_turn,16460,True,Other,3,5,3
258,Give me just the email address from the text above.,14,False,one_shot,520,True,Extraction,1,0,1
259,Rewrite this cover letter so it sounds less salesy.,12,False,one_shot,1350,True,Rewrite,3,0,3
260,Summarise the Slack export below in 40 bullets. Call out the two weakest points in the argument as you see them.,28,True,one_shot,3810,True,Summarization,2,1,2
261,"Give me 30 angles on retail banking in Kenya, then analyse which three are most defensible.",22,True,multi_turn,1170,True,Brainstorming,3,2,3
262,"Looking back at the user interview notes I shared earlier, what did it say about the Q3 filing?",24,False,multi_turn,3930,True,Closed QA,1,1,1
263,Classify the records in the RFP response attached by postcode.,14,False,multi_turn,3650,True,Classification,2,1,2
264,Summarise the clinical trial summary below in 50 bullets. Flag anything where the source is ambiguous instead of guessing.,26,True,one_shot,1690,True,Summarization,2,1,2
265,"Answer these from the support thread below only: what is the dosage, who owns it, and what happens if the deadline slips? Point out anything a reviewer would immediately push back on. Sanity check the arithmetic before you present any figure. Note any assumption you had to make to get there. Flag anything where the source is ambiguous instead of guessing. Give a rough confidence level for each conclusion and say what would raise it. Call out the two weakest points in the argument as you see them. Separate clearly what the data supports from what is your inference.",134,False,one_shot,9600,True,Closed QA,1,2,2
266,Summarise the clinical trial summary below in 6 bullets.,12,True,one_shot,1420,True,Summarization,2,1,2
267,Classify the records in the product spec attached by postcode.,14,False,one_shot,1150,True,Classification,2,0,2
268,Draft a short conference abstract announcing our work on container shipping.,15,False,one_shot,0,False,Text Generation,1,0,1
269,I'm going in circles on flat referral volume. Talk me through it. Give a rough confidence level for each conclusion and say what would raise it.,35,False,one_shot,1400,True,Chatbot,3,0,3
270,"Go back over all the shift handover logs in this thread and summarise how the story on grid-scale storage changed over time, keeping the numbers that support each shift. If the framing itself is wrong, say so before answering.",53,True,multi_turn,31760,True,Summarization,2,4,3
271,"Go through the 4 earnings call transcripts in this thread, extract the payment term and root cause for each, then compare them and flag anything inconsistent.",35,True,multi_turn,31530,True,Extraction,1,4,3
272,I need the renewal date for the Nairobi office out of the support thread below.,20,False,one_shot,1740,True,Extraction,1,0,1
273,Refactor this Java rate limiter to be async and keep the behaviour identical. Add type hints throughout and make it pass strict mode. Do not add any new third-party dependencies.,40,False,multi_turn,4280,True,Code Generation,3,2,3
274,"Given everything we covered about warehouse automation, compare the two options again and tell me which holds up better under pressure. Point out anything a reviewer would immediately push back on. Separate clearly what the data supports from what is your inference. Keep the scope to what is actually in front of you, not the wider market.",77,True,multi_turn,4040,True,Open QA,1,3,2
275,Give me the short version of the research paper attached.,14,False,multi_turn,1120,True,Summarization,2,1,2
276,I need a cover letter about warehouse automation by tomorrow. Then analyse which section is weakest for that audience and say why. Write it so a procurement committee could follow it without any background in the area. Flag anywhere you had to invent a detail I will need to check. Leave a placeholder where the legal team needs to insert the disclaimer. Assume the reader has already seen the teaser we sent last week. Do not use bullet points anywhere in the body. Open with a customer problem rather than a feature list.,126,True,one_shot,0,False,Text Generation,1,2,2
277,I'm going in circles on slow contract turnaround. Talk me through it. Separate clearly what the data supports from what is your inference. Note any assumption you had to make to get there.,45,False,multi_turn,420,True,Chatbot,3,1,3
278,What is the capital of Tallinn's region and roughly how many people live there?,19,False,one_shot,0,False,Open QA,1,0,1
279,"Looking back at the support thread I shared earlier, what did it say about the 2024 renewal?",23,False,multi_turn,4450,True,Closed QA,1,2,2
280,"Tag each row in the lease agreement below, then compare the distribution against the batch I sent earlier. Distinguish the near-term implications from the structural ones. Flag anything where the source is ambiguous instead of guessing. Separate clearly what the data supports from what is your inference.",63,True,multi_turn,58280,True,Classification,2,4,3
281,"Pull the top five takeaways out of the Slack export below and note anything the author leaves unsupported. If the framing itself is wrong, say so before answering. Give a rough confidence level for each conclusion and say what would raise it.",57,False,one_shot,3600,True,Summarization,2,0,2
282,"Label each of the 40 entries in the grant proposal below as billing, technical or account access.",23,False,one_shot,4580,True,Classification,2,1,2
283,Which of these 6 entries are worth escalating?,11,False,one_shot,1960,True,Classification,2,0,2
284,I need the email address for the 2024 renewal out of the customer review batch below. Sort the output by the most recent date first.,34,False,one_shot,1470,True,Extraction,1,0,1
285,Write a apology email aimed at a non-technical exec. Write it so a non-technical exec could follow it without any background in the area. Include two short quotes attributed to the engineering lead.,45,False,one_shot,1220,True,Text Generation,1,0,1
286,We're stuck on slow contract turnaround. Throw out some options.,14,False,multi_turn,750,True,Brainstorming,3,1,3
287,Draft a short cover letter announcing our work on swarm robotics.,15,False,multi_turn,430,True,Text Generation,1,1,1
288,I'm going in circles on onboarding drop-off after day two. Talk me through it. Note where the sample is too small to carry the conclusion. Give a rough confidence level for each conclusion and say what would raise it.,53,False,multi_turn,5980,True,Chatbot,3,2,3
289,Summarise the policy document below in 20 bullets.,11,True,one_shot,5320,True,Summarization,2,2,3
290,Write a 30-sentence grant abstract for the Q3 filing. Do not use bullet points anywhere in the body.,24,False,one_shot,0,False,Text Generation,1,0,1
291,Does the board deck attached support the claim about esports sponsorship? Quote the line if so.,22,False,one_shot,17820,True,Closed QA,1,2,2
292,"Label each of the 4 entries in the clinical trial summary below as billing, technical or account access. Leave the cell blank rather than guessing when a value is missing.",40,True,one_shot,1410,True,Classification,2,1,2
293,"Edit the Slack export below so it reads friendlier, then analyse what changed in tone versus the original. Give me three alternative headline options at the end. Then analyse which section is weakest for that audience and say why. Use British spelling throughout.",58,True,one_shot,15590,True,Rewrite,3,2,3
294,"Go through the Slack exports attached and mark which ones touch on microfinance. Treat blank and zero as different things. Sort the output by the most recent date first. Add a final row with the totals for the numeric columns. Normalise the currency values to USD and say what rate you used. Do not reformat any field I have not asked you to touch. Add a count of how many records fell into each bucket. Where a field appears twice with different values, show both.",115,False,one_shot,8680,True,Classification,2,1,2
295,"Based on the attached research paper, when is the postcode?",14,False,multi_turn,970,True,Closed QA,1,1,1
296,"Go through the audit reports attached and mark which ones touch on esports sponsorship. Use ISO dates throughout. Sort the output by the most recent date first. Strip out the internal test records before you count anything. Note which records you were unsure about and why. Preserve the original ordering of the records. Where a field appears twice with different values, show both. Do not reformat any field I have not asked you to touch. Return the result as a table with one row per record. Normalise the currency values to USD and say what rate you used. Flag any duplicate entries rather than silently collapsing them. Tell me how many records you skipped and on what grounds.",159,False,one_shot,34190,True,Classification,2,3,3
297,Ideas for a side project at the intersection of container shipping and creator payouts.,19,False,one_shot,0,False,Brainstorming,3,0,3
298,Give me the short version of the policy document attached.,14,False,one_shot,670,True,Summarization,2,0,2
299,"Using only the research paper below, does it say anything about student housing?",18,False,one_shot,5540,True,Closed QA,1,1,1
300,Condense that into a paragraph high school students could read in 30 seconds.,18,False,multi_turn,1130,True,Summarization,2,1,2
301,"Looking back at the Slack export I shared earlier, what did it say about the Q3 filing? Separate clearly what the data supports from what is your inference.",38,False,multi_turn,4850,True,Closed QA,1,2,2
302,"Based on the attached insurance claim file, when is the contract value?",16,False,multi_turn,1250,True,Closed QA,1,1,1
303,"Plan a 150-day itinerary for Chiang Mai around creator payouts. Keep it under 8 words. Match the tone of the style guide pasted below rather than your default voice. Avoid naming any competitor, even indirectly.",47,False,one_shot,0,False,Other,3,0,3
304,"Given everything we covered about urban composting, compare the two options again and tell me which holds up better under pressure. Sanity check the arithmetic before you present any figure.",40,True,multi_turn,17040,True,Open QA,1,4,3
305,Give me the short version of the grant proposal attached.,14,False,multi_turn,1090,True,Summarization,2,1,2
306,Does the RFP response attached support the claim about creator payouts? Quote the line if so.,22,False,one_shot,12580,True,Closed QA,1,1,1
307,"Looking back at the lease agreement I shared earlier, what did it say about vendor B?",22,False,multi_turn,8280,True,Closed QA,1,2,2
308,Does the research paper attached support the claim about creator payouts? Quote the line if so.,22,False,one_shot,4600,True,Closed QA,1,1,1
309,Write the job posting for our new student housing product. Work in the three pricing tiers without making it read like a price list. Flag anywhere you had to invent a detail I will need to check. Open with a customer problem rather than a feature list. Assume the reader has already seen the teaser we sent last week. Keep every sentence under 20 words so it stays scannable on mobile. Write it so a non-technical exec could follow it without any background in the area. End with a call to action pointing at the docs. Leave a placeholder where the legal team needs to insert the disclaimer. Give me three alternative headline options at the end.,158,False,one_shot,5640,True,Text Generation,1,2,2
310,"Summarise the onboarding guides attached for a developer audience. Note where the sample is too small to carry the conclusion. Flag anything where the source is ambiguous instead of guessing. Distinguish the near-term implications from the structural ones. Compare it against the version we discussed earlier in this thread. Tell me what evidence would change your mind on the main claim. Separate clearly what the data supports from what is your inference. Call out the two weakest points in the argument as you see them. Note any assumption you had to make to get there. If the framing itself is wrong, say so before answering. Rank the findings by how much each would change the decision. Point out anything a reviewer would immediately push back on.",170,True,multi_turn,21930,True,Summarization,2,5,3
311,What is the capital of Chiang Mai's region and roughly how many people live there?,20,False,one_shot,0,False,Open QA,1,0,1
312,"Label each of the 500 entries in the Slack export below as billing, technical or account access. Treat blank and zero as different things.",32,False,one_shot,2280,True,Classification,2,0,2
313,"Write the conference abstract for our new secondhand fashion resale product. Leave a placeholder where the legal team needs to insert the disclaimer. End with a call to action pointing at the docs. Do not promise any delivery date we have not publicly committed to. Work in the three pricing tiers without making it read like a price list. Avoid naming any competitor, even indirectly. Match the tone of the style guide pasted below rather than your default voice. Include two short quotes attributed to the engineering lead. Then analyse which section is weakest for that audience and say why. Give me three alternative headline options at the end.",147,True,one_shot,3480,True,Text Generation,1,2,2
314,What would it take to get into microfinance with no background in it? Separate clearly what the data supports from what is your inference.,32,False,one_shot,0,False,Open QA,1,0,1
315,"Tag each row in the onboarding guide below, then compare the distribution against the batch I sent earlier. Note any assumption you had to make to get there. Give a rough confidence level for each conclusion and say what would raise it.",57,True,one_shot,67550,True,Classification,2,3,3
316,Write a 40-sentence release note for the second trial arm. Work in the three pricing tiers without making it read like a price list.,32,False,one_shot,0,False,Text Generation,1,0,1
317,"Looking back at the earnings call transcript I shared earlier, what did it say about the Nairobi office? Distinguish the near-term implications from the structural ones.",35,True,one_shot,4780,True,Closed QA,1,2,2
318,"Looking back at the onboarding guide I shared earlier, what did it say about the 2024 renewal? Flag anything where the source is ambiguous instead of guessing.",36,False,multi_turn,5440,True,Closed QA,1,2,2
319,"From the shift handover log below, list all the payment terms that appear.",18,False,one_shot,770,True,Extraction,1,0,1
320,Tighten the support macro below without losing the detail on warehouse automation. Flag anywhere you had to invent a detail I will need to check.,34,False,one_shot,2760,True,Rewrite,3,0,3
321,"Translate the clinical trial summary below into German, keeping the formatting.",15,True,one_shot,4150,True,Other,3,2,3
322,"Parse the RFP responses in this thread and pull out every deadline, then summarise what the spread looks like. Rank the findings by how much each would change the decision.",40,True,one_shot,13590,True,Extraction,1,2,2
323,Write a Ruby function that validates escalation owners. Benchmark the hot path and tell me if the change costs anything.,27,False,one_shot,480,True,Code Generation,3,0,3
324,"Go through the 200 board decks in this thread, extract the SKU and root cause for each, then compare them and flag anything inconsistent. Flag anything where the source is ambiguous instead of guessing.",46,True,multi_turn,12900,True,Extraction,1,3,2
325,"Tag each row in the shift handover log below, then compare the distribution against the batch I sent earlier. Separate clearly what the data supports from what is your inference. Tell me what evidence would change your mind on the main claim.",57,True,one_shot,14840,True,Classification,2,2,3
326,"From the earnings call transcript below, list all the invoice totals that appear.",18,False,one_shot,600,True,Extraction,1,0,1
327,Tighten the newsletter intro below without losing the detail on prediction markets. Write it so the board could follow it without any background in the area. End with a call to action pointing at the docs.,49,False,multi_turn,5460,True,Rewrite,3,2,3
328,"Given everything we covered about grid-scale storage, compare the two options again and tell me which holds up better under pressure. Call out the two weakest points in the argument as you see them. Keep the scope to what is actually in front of you, not the wider market. Flag anything where the source is ambiguous instead of guessing.",80,True,multi_turn,13030,True,Open QA,1,3,2
329,"Write the product description for our new esports sponsorship product. Do not promise any delivery date we have not publicly committed to. Then analyse which section is weakest for that audience and say why. Leave a placeholder where the legal team needs to insert the disclaimer. Use British spelling throughout. Avoid naming any competitor, even indirectly. Write it so a procurement committee could follow it without any background in the area. Open with a customer problem rather than a feature list.",109,True,one_shot,4880,True,Text Generation,1,2,2
330,Ideas for a side project at the intersection of container shipping and container shipping.,19,False,one_shot,0,False,Brainstorming,3,0,3
331,Does the support thread attached support the claim about microfinance? Quote the line if so.,20,False,one_shot,4430,True,Closed QA,1,1,1
332,"Edit the board deck below so it reads more confident, then analyse what changed in tone versus the original. Avoid naming any competitor, even indirectly. Include two short quotes attributed to the engineering lead. Give me three alternative headline options at the end.",58,True,one_shot,4130,True,Rewrite,3,2,3
333,Condense that into a paragraph our support team could read in 30 seconds. Then analyse which section is weakest for that audience and say why.,34,True,multi_turn,3670,True,Summarization,2,2,3
334,Summarise the key decisions and owners from this product spec. Point out anything a reviewer would immediately push back on.,27,True,one_shot,1270,True,Summarization,2,1,2
335,"Why did freight rail scheduling take off when it did, and what would have to change for it to stall? Note any assumption you had to make to get there. Note where the sample is too small to carry the conclusion. Compare it against the version we discussed earlier in this thread. Tell me what evidence would change your mind on the main claim. Keep the scope to what is actually in front of you, not the wider market.",107,True,multi_turn,1060,True,Open QA,1,2,2
336,We're stuck on a stalled enterprise pipeline. Throw out some options.,15,False,multi_turn,2690,True,Brainstorming,3,1,3
337,"Based on the attached meeting transcript, when is the payment term?",15,False,one_shot,1430,True,Closed QA,1,0,1
338,I need the effective date for vendor B out of the user interview notes below.,20,False,one_shot,1330,True,Extraction,1,0,1
339,"We're stuck on support tickets spiking every Monday. Throw out some options. Where two sources disagree, say which one you weighted more and why. Give a rough confidence level for each conclusion and say what would raise it.",51,True,multi_turn,5270,True,Brainstorming,3,3,3
340,"Play devil's advocate against my decision about dropping the second product line. If the framing itself is wrong, say so before answering.",30,False,multi_turn,1040,True,Other,3,1,3
341,"Go back over all the product specs in this thread and summarise how the story on grid-scale storage changed over time, keeping the numbers that support each shift. Where two sources disagree, say which one you weighted more and why. If the framing itself is wrong, say so before answering. Show your reasoning for each judgement rather than just the conclusion.",82,True,multi_turn,45690,True,Summarization,2,4,3
342,Give me the short version of the vendor contract attached.,14,False,one_shot,510,True,Summarization,2,0,2
343,"Summarise the user interview notess attached for the board. Sanity check the arithmetic before you present any figure. Tell me what evidence would change your mind on the main claim. Note where the sample is too small to carry the conclusion. Compare it against the version we discussed earlier in this thread. Distinguish the near-term implications from the structural ones. Show your reasoning for each judgement rather than just the conclusion. Point out anything a reviewer would immediately push back on. Give a rough confidence level for each conclusion and say what would raise it. Call out the two weakest points in the argument as you see them. Where two sources disagree, say which one you weighted more and why. If the framing itself is wrong, say so before answering. Separate clearly what the data supports from what is your inference.",190,True,one_shot,8530,True,Summarization,2,3,3
344,"Summarise the incident postmortems attached for our support team. Compare it against the version we discussed earlier in this thread. Keep the scope to what is actually in front of you, not the wider market. Point out anything a reviewer would immediately push back on. If the framing itself is wrong, say so before answering. Separate clearly what the data supports from what is your inference. Give a rough confidence level for each conclusion and say what would raise it. Show your reasoning for each judgement rather than just the conclusion. Tell me what evidence would change your mind on the main claim. Flag anything where the source is ambiguous instead of guessing. Note where the sample is too small to carry the conclusion. Where two sources disagree, say which one you weighted more and why.",184,True,one_shot,7220,True,Summarization,2,3,3
345,"Label each of the 15 entries in the onboarding guide below as billing, technical or account access. Normalise the currency values to USD and say what rate you used.",39,False,one_shot,440,True,Classification,2,0,2
346,I need the SKU for the northern depot out of the shift handover log below. Keep the original identifiers so I can join this back to the source.,38,False,one_shot,480,True,Extraction,1,0,1
347,Classify the records in the product spec attached by effective date. Flag any duplicate entries rather than silently collapsing them.,27,False,one_shot,4690,True,Classification,2,1,2
348,"Given everything we covered about student housing, compare the two options again and tell me which holds up better under pressure. If the framing itself is wrong, say so before answering.",42,True,multi_turn,4720,True,Open QA,1,3,2
349,"Tag each row in the customer review batch below, then compare the distribution against the batch I sent earlier. Note any assumption you had to make to get there. Call out the two weakest points in the argument as you see them. Show your reasoning for each judgement rather than just the conclusion.",72,True,multi_turn,78700,True,Classification,2,4,3
350,"Does the policy document attached support the claim about grid-scale storage? Quote the line if so. Tell me what evidence would change your mind on the main claim. If the framing itself is wrong, say so before answering.",51,False,one_shot,5810,True,Closed QA,1,1,1
351,Condense that into a paragraph high school students could read in 30 seconds. Then analyse which section is weakest for that audience and say why.,34,True,multi_turn,1250,True,Summarization,2,2,3
352,"From the insurance claim file below, list all the invoice totals that appear.",18,False,one_shot,1020,True,Extraction,1,0,1
353,I'm going in circles on a stalled enterprise pipeline. Talk me through it. Separate clearly what the data supports from what is your inference. Compare it against the version we discussed earlier in this thread.,47,True,multi_turn,1170,True,Chatbot,3,2,3
354,"From the incident postmortem below, list all the payment terms that appear.",16,False,one_shot,540,True,Extraction,1,0,1
355,Now add SKU handling to that retry wrapper. Leave a comment wherever the behaviour is deliberately non-obvious.,23,False,one_shot,13090,True,Code Generation,3,1,3
356,What could we do about churn in the free tier that we haven't already tried? Point out anything a reviewer would immediately push back on.,34,False,one_shot,8600,True,Brainstorming,3,1,3
357,Ideas for a side project at the intersection of secondhand fashion resale and campus food waste. Distinguish the near-term implications from the structural ones. Rank the findings by how much each would change the decision.,47,True,multi_turn,520,True,Brainstorming,3,2,3
358,"Build a Kotlin caching layer for our service. Make the logging structured so it parses cleanly downstream. Note anywhere the change could break a caller you cannot see. Benchmark the hot path and tell me if the change costs anything. Add type hints throughout and make it pass strict mode. Do not add any new third-party dependencies. Write it so it degrades gracefully when the upstream is down. Keep the existing test suite passing without editing the tests. Add unit tests covering the error paths, not just the happy path. Leave a comment wherever the behaviour is deliberately non-obvious. Explain the trade-off you made on the retry strategy. Keep it compatible with the current config format so nothing needs migrating. Assume this runs in a container with no persistent disk. Keep the public interface exactly as it is today. Handle the timeout case explicitly rather than letting it bubble.",201,True,one_shot,7710,True,Code Generation,3,3,3
359,"Given everything we covered about container shipping, compare the two options again and tell me which holds up better under pressure. Keep the scope to what is actually in front of you, not the wider market.",49,True,multi_turn,14680,True,Open QA,1,3,2
360,Rewrite the newsletter intro attached for high school students. Mirror the structure of the last announcement so the series feels consistent. Keep it under 40 words. Do not promise any delivery date we have not publicly committed to. Work in the three pricing tiers without making it read like a price list. Give me three alternative headline options at the end. Include two short quotes attributed to the engineering lead.,94,False,multi_turn,4510,True,Rewrite,3,2,3
361,Summarise the key decisions and owners from this research paper.,14,True,one_shot,720,True,Summarization,2,1,2
362,"Build me a spreadsheet from the support threads attached. Leave the cell blank rather than guessing when a value is missing. Where a field appears twice with different values, show both. Strip out the internal test records before you count anything. Flag any duplicate entries rather than silently collapsing them. Preserve the original ordering of the records. Tell me how many records you skipped and on what grounds.",92,False,one_shot,6360,True,Extraction,1,1,1
363,"Label each of the 500 entries in the research paper below as billing, technical or account access. Flag any duplicate entries rather than silently collapsing them.",35,False,one_shot,470,True,Classification,2,0,2
364,Rewrite this support macro so it sounds plainer.,11,False,one_shot,1290,True,Rewrite,3,0,3
365,"How does microfinance actually work, roughly?",8,False,one_shot,0,False,Open QA,1,0,1
366,"Summarise the policy documents attached for new hires. Where two sources disagree, say which one you weighted more and why. Sanity check the arithmetic before you present any figure. Give a rough confidence level for each conclusion and say what would raise it. If the framing itself is wrong, say so before answering. Keep the scope to what is actually in front of you, not the wider market. Point out anything a reviewer would immediately push back on. Tell me what evidence would change your mind on the main claim. Rank the findings by how much each would change the decision. Separate clearly what the data supports from what is your inference. Show your reasoning for each judgement rather than just the conclusion. Distinguish the near-term implications from the structural ones.",177,True,one_shot,51200,True,Summarization,2,4,3
367,"Give me a first draft of a job posting for high school students, based on the RFP response below. Flag anywhere you had to invent a detail I will need to check. Do not promise any delivery date we have not publicly committed to. End with a call to action pointing at the docs. Use British spelling throughout. Write it so a developer audience could follow it without any background in the area.",99,False,one_shot,6230,True,Text Generation,1,1,1
368,Summarise the onboarding guides attached for the board. Tell me what evidence would change your mind on the main claim. Separate clearly what the data supports from what is your inference. Sanity check the arithmetic before you present any figure. Distinguish the near-term implications from the structural ones. Note where the sample is too small to carry the conclusion. Call out the two weakest points in the argument as you see them.,97,True,one_shot,6520,True,Summarization,2,2,3
369,I need the dosage for the northern depot out of the vendor contract below.,19,False,one_shot,490,True,Extraction,1,0,1
370,Summarise the research paper below in 500 bullets. Distinguish the near-term implications from the structural ones.,22,True,one_shot,1050,True,Summarization,2,1,2
371,"Translate the product spec below into German, keeping the formatting. Write it so the ops team could follow it without any background in the area. Match the tone of the style guide pasted below rather than your default voice.",53,False,one_shot,3190,True,Other,3,0,3
372,"Rewrite the apology email attached for high school students. Avoid naming any competitor, even indirectly. Mirror the structure of the last announcement so the series feels consistent. Match the tone of the style guide pasted below rather than your default voice. Do not use bullet points anywhere in the body. Work in the three pricing tiers without making it read like a price list. Give me three alternative headline options at the end. Keep every sentence under 20 words so it stays scannable on mobile. Include two short quotes attributed to the engineering lead. Open with a customer problem rather than a feature list. Leave a placeholder where the legal team needs to insert the disclaimer. End with a call to action pointing at the docs.",170,False,one_shot,3240,True,Rewrite,3,1,3
373,Draft a short internal memo announcing our work on swarm robotics. Flag anywhere you had to invent a detail I will need to check.,32,False,one_shot,1060,True,Text Generation,1,0,1
374,"Go through the insurance claim files attached and mark which ones touch on container shipping. Do not reformat any field I have not asked you to touch. Add a count of how many records fell into each bucket. Sort the output by the most recent date first. Preserve the original ordering of the records. Where a field appears twice with different values, show both. Note which records you were unsure about and why. Return the result as a table with one row per record. Treat blank and zero as different things. Keep the original identifiers so I can join this back to the source. Normalise the currency values to USD and say what rate you used.",157,False,one_shot,12230,True,Classification,2,2,3
375,Give me the short version of the clinical trial summary attached.,15,True,one_shot,2110,True,Summarization,2,1,2
376,Is freight rail scheduling regulated differently in the EU than in the US? Give a rough confidence level for each conclusion and say what would raise it.,36,False,one_shot,0,False,Open QA,1,0,1
377,"Ok so given what we said about dropping the second product line, what should I actually do this week?",26,False,multi_turn,5970,True,Chatbot,3,2,3
378,"Translate the shift handover log below into German, keeping the formatting. Avoid naming any competitor, even indirectly. Use British spelling throughout.",28,False,one_shot,17530,True,Other,3,2,3
379,"How does grid-scale storage actually work, roughly?",9,False,one_shot,0,False,Open QA,1,0,1
380,"Write the product description for our new esports sponsorship product. End with a call to action pointing at the docs. Mirror the structure of the last announcement so the series feels consistent. Keep every sentence under 20 words so it stays scannable on mobile. Keep it under 8 words. Avoid naming any competitor, even indirectly. Do not promise any delivery date we have not publicly committed to. Open with a customer problem rather than a feature list. Flag anywhere you had to invent a detail I will need to check. Include two short quotes attributed to the engineering lead. Assume the reader has already seen the teaser we sent last week.",150,False,one_shot,2970,True,Text Generation,1,1,1
381,"Using only the meeting transcript below, does it say anything about grid-scale storage?",18,False,one_shot,420,True,Closed QA,1,0,1
382,"Based on the attached audit report, when is the phone number?",15,False,one_shot,500,True,Closed QA,1,0,1
383,"According to the insurance claim file above, what severity level was recorded for the Q3 filing?",22,False,one_shot,5290,True,Closed QA,1,1,1
384,"Port this pagination helper from Java to TypeScript. Add unit tests covering the error paths, not just the happy path. Handle the timeout case explicitly rather than letting it bubble. Benchmark the hot path and tell me if the change costs anything. Keep the public interface exactly as it is today. Include a short docstring for each public function. Leave a comment wherever the behaviour is deliberately non-obvious. Assume this runs in a container with no persistent disk. Add type hints throughout and make it pass strict mode. Keep it compatible with the current config format so nothing needs migrating. Avoid any global mutable state.",142,False,one_shot,9470,True,Code Generation,3,2,3
385,I need the postcode for the northern depot out of the board deck below.,19,False,one_shot,5170,True,Extraction,1,1,1
386,What is the capital of Lisbon's region and roughly how many people live there?,19,False,one_shot,0,False,Open QA,1,0,1
387,Rewrite the internal memo attached for the ops team. Match the tone of the style guide pasted below rather than your default voice. Assume the reader has already seen the teaser we sent last week. Write it so high school students could follow it without any background in the area. Keep every sentence under 20 words so it stays scannable on mobile. Work in the three pricing tiers without making it read like a price list. End with a call to action pointing at the docs. Keep it under 40 words. Mirror the structure of the last announcement so the series feels consistent. Leave a placeholder where the legal team needs to insert the disclaimer.,155,False,multi_turn,8010,True,Rewrite,3,3,3
388,Now add phone number handling to that migration script. Include a short docstring for each public function. Leave a comment wherever the behaviour is deliberately non-obvious.,35,False,multi_turn,6990,True,Code Generation,3,2,3
389,"Parse the incident postmortems in this thread and pull out every counterparty name, then summarise what the spread looks like. Call out the two weakest points in the argument as you see them. Sanity check the arithmetic before you present any figure.",57,True,one_shot,28400,True,Extraction,1,3,2
390,"Does the onboarding guide attached support the claim about urban composting? Quote the line if so. Keep the scope to what is actually in front of you, not the wider market.",42,False,one_shot,17260,True,Closed QA,1,2,2
391,"Build me a spreadsheet from the research papers attached. Sort the output by the most recent date first. Treat blank and zero as different things. Where a field appears twice with different values, show both. Normalise the currency values to USD and say what rate you used. Leave the cell blank rather than guessing when a value is missing. Flag any duplicate entries rather than silently collapsing them. Return the result as a table with one row per record. Tell me how many records you skipped and on what grounds. Note which records you were unsure about and why. Keep the original identifiers so I can join this back to the source. Preserve the original ordering of the records. Strip out the internal test records before you count anything.",174,False,multi_turn,80530,True,Extraction,1,4,3
392,"Label each of the 75 entries in the product spec below as billing, technical or account access. Note which records you were unsure about and why.",35,False,one_shot,2120,True,Classification,2,0,2
393,Classify the records in the meeting transcript attached by renewal date.,15,False,one_shot,1380,True,Classification,2,0,2
394,Summarise the vendor contract below in 300 bullets. Note where the sample is too small to carry the conclusion.,26,True,one_shot,1610,True,Summarization,2,1,2
395,Debug why this feature flag client drops requests under load. Keep it compatible with the current config format so nothing needs migrating. Benchmark the hot path and tell me if the change costs anything.,46,False,one_shot,3500,True,Code Generation,3,0,3
396,"Go through the 50 meeting transcripts in this thread, extract the invoice total and escalation owner for each, then compare them and flag anything inconsistent.",34,True,one_shot,79120,True,Extraction,1,3,2
397,"How does freight rail scheduling actually work, roughly?",11,False,multi_turn,1650,True,Open QA,1,1,1
398,Summarise the clinical trial summary below in 50 bullets. Call out the two weakest points in the argument as you see them.,30,True,multi_turn,1290,True,Summarization,2,2,3
399,"How does swarm robotics actually work, roughly?",9,False,one_shot,0,False,Open QA,1,0,1
400,"Based on the attached grant proposal, when is the SKU?",14,False,one_shot,1670,True,Closed QA,1,0,1
401,"Hey, I'm trying to decide about dropping the second product line. Can you help me think it through?",24,False,one_shot,1690,True,Chatbot,3,0,3
402,"Edit the shift handover log below so it reads warmer, then analyse what changed in tone versus the original. Assume the reader has already seen the teaser we sent last week.",42,True,multi_turn,3550,True,Rewrite,3,2,3
403,Sort these 25 items into the three buckets we agreed on earlier. Flag any duplicate entries rather than silently collapsing them. Note which records you were unsure about and why.,40,False,one_shot,1700,True,Classification,2,0,2
404,"Tag each row in the RFP response below, then compare the distribution against the batch I sent earlier. If the framing itself is wrong, say so before answering. Where two sources disagree, say which one you weighted more and why.",54,True,one_shot,31730,True,Classification,2,3,3
405,"Parse the RFP responses in this thread and pull out every effective date, then summarise what the spread looks like. Note any assumption you had to make to get there.",40,True,one_shot,89790,True,Extraction,1,3,2
406,Build a TypeScript CSV parser for our service. Keep it compatible with the current config format so nothing needs migrating. Keep the public interface exactly as it is today. Handle the timeout case explicitly rather than letting it bubble. Benchmark the hot path and tell me if the change costs anything. Keep the existing test suite passing without editing the tests. Write it so it degrades gracefully when the upstream is down. Avoid any global mutable state.,104,False,one_shot,2040,True,Code Generation,3,0,3
407,We're stuck on support tickets spiking every Monday. Throw out some options.,16,False,one_shot,730,True,Brainstorming,3,0,3
408,"Give me 8 angles on retail banking in Kenya, then analyse which three are most defensible. Distinguish the near-term implications from the structural ones. Keep the scope to what is actually in front of you, not the wider market.",53,True,one_shot,0,False,Brainstorming,3,1,3
409,Summarise the key decisions and owners from this audit report. Point out anything a reviewer would immediately push back on.,27,True,one_shot,2980,True,Summarization,2,1,2
410,"I need a internal memo about desalination by tomorrow. Keep every sentence under 20 words so it stays scannable on mobile. Mirror the structure of the last announcement so the series feels consistent. Keep it under 20 words. Include two short quotes attributed to the engineering lead. Give me three alternative headline options at the end. Do not promise any delivery date we have not publicly committed to. Do not use bullet points anywhere in the body. Avoid naming any competitor, even indirectly. Assume the reader has already seen the teaser we sent last week. Write it so the ops team could follow it without any background in the area.",148,False,one_shot,430,True,Text Generation,1,1,1
411,"According to the incident postmortem above, what payment term was recorded for the second trial arm?",22,False,one_shot,3840,True,Closed QA,1,0,1
412,Brainstorm 8 ideas for grid-scale storage.,8,False,one_shot,0,False,Brainstorming,3,0,3
413,Pull the postcode from each of the 150 grant proposals attached.,15,False,multi_turn,3960,True,Extraction,1,1,1
414,"How does creator payouts actually work, roughly?",9,False,one_shot,0,False,Open QA,1,0,1
415,"Based on the attached customer review batch, when is the dosage?",15,False,one_shot,1770,True,Closed QA,1,0,1
416,"According to the RFP response above, what phone number was recorded for the 2024 renewal?",20,False,multi_turn,5020,True,Closed QA,1,2,2
417,Does the onboarding guide attached support the claim about student housing? Quote the line if so.,22,False,multi_turn,3950,True,Closed QA,1,1,1
418,I need a internal memo about microfinance by tomorrow. Use British spelling throughout. Work in the three pricing tiers without making it read like a price list. Keep every sentence under 20 words so it stays scannable on mobile. Leave a placeholder where the legal team needs to insert the disclaimer. Write it so a developer audience could follow it without any background in the area. Do not use bullet points anywhere in the body. Mirror the structure of the last announcement so the series feels consistent. Do not promise any delivery date we have not publicly committed to. Flag anywhere you had to invent a detail I will need to check.,151,False,multi_turn,1570,True,Text Generation,1,2,2
419,"Given everything we covered about campus food waste, compare the two options again and tell me which holds up better under pressure. Give a rough confidence level for each conclusion and say what would raise it.",49,True,multi_turn,10030,True,Open QA,1,3,2
420,Tighten the landing page headline below without losing the detail on microfinance. Do not promise any delivery date we have not publicly committed to.,32,False,one_shot,3670,True,Rewrite,3,0,3
421,Pull the counterparty name from each of the 3 grant proposals attached.,16,False,one_shot,5150,True,Extraction,1,1,1
422,Classify the records in the user interview notes attached by email address. Normalise the currency values to USD and say what rate you used.,32,False,one_shot,1240,True,Classification,2,0,2
423,Make that version less salesy.,7,False,multi_turn,500,True,Rewrite,3,1,3
424,"According to the board deck above, what counterparty name was recorded for the northern depot?",20,False,one_shot,4720,True,Closed QA,1,1,1
425,Brainstorm 3 ideas for desalination.,7,False,one_shot,0,False,Brainstorming,3,0,3
426,"Give me a first draft of a support macro for the ops team, based on the shift handover log below. Do not promise any delivery date we have not publicly committed to. Keep it under 250 words.",50,False,one_shot,8670,True,Text Generation,1,1,1
427,I need a conference abstract about esports sponsorship by tomorrow. Open with a customer problem rather than a feature list. Work in the three pricing tiers without making it read like a price list. Do not promise any delivery date we have not publicly committed to. Then analyse which section is weakest for that audience and say why. Do not use bullet points anywhere in the body. End with a call to action pointing at the docs.,104,True,multi_turn,680,True,Text Generation,1,2,2
428,Draft a short release note announcing our work on carbon offset registries. Do not use bullet points anywhere in the body.,28,False,one_shot,0,False,Text Generation,1,0,1
429,Summarise the key decisions and owners from this insurance claim file.,15,True,one_shot,2890,True,Summarization,2,1,2
430,Write a Rust function that validates payment terms.,11,False,one_shot,0,False,Code Generation,3,0,3
431,Rewrite the conference abstract attached for high school students. Keep it under 40 words. Assume the reader has already seen the teaser we sent last week. End with a call to action pointing at the docs. Give me three alternative headline options at the end. Use British spelling throughout. Then analyse which section is weakest for that audience and say why. Do not use bullet points anywhere in the body. Mirror the structure of the last announcement so the series feels consistent. Open with a customer problem rather than a feature list. Leave a placeholder where the legal team needs to insert the disclaimer. Keep every sentence under 20 words so it stays scannable on mobile.,157,True,one_shot,9800,True,Rewrite,3,3,3
432,Classify the records in the onboarding guide attached by renewal date.,15,False,one_shot,3990,True,Classification,2,0,2
433,Extract every author affiliation and root cause from the product spec below and put them in a table.,24,True,one_shot,5250,True,Extraction,1,2,2
434,"Parse the board decks in this thread and pull out every payment term, then summarise what the spread looks like. Point out anything a reviewer would immediately push back on.",40,True,one_shot,10290,True,Extraction,1,2,2
435,Now add contract value handling to that CSV parser.,12,False,multi_turn,4650,True,Code Generation,3,2,3
436,"Build me a spreadsheet from the research papers attached. Add a count of how many records fell into each bucket. Treat blank and zero as different things. Where a field appears twice with different values, show both. Do not reformat any field I have not asked you to touch. Flag any duplicate entries rather than silently collapsing them. Leave the cell blank rather than guessing when a value is missing.",94,False,multi_turn,12390,True,Extraction,1,2,2
437,"Answer these from the product spec below only: what is the contract value, who owns it, and what happens if the deadline slips? Separate clearly what the data supports from what is your inference. Show your reasoning for each judgement rather than just the conclusion. Distinguish the near-term implications from the structural ones. Note where the sample is too small to carry the conclusion. Compare it against the version we discussed earlier in this thread. Give a rough confidence level for each conclusion and say what would raise it. Point out anything a reviewer would immediately push back on.",134,True,one_shot,4570,True,Closed QA,1,3,2
438,Give me just the SKU from the text above.,12,False,one_shot,470,True,Extraction,1,0,1
439,"Summarise the shift handover logs attached for the board. Give a rough confidence level for each conclusion and say what would raise it. Show your reasoning for each judgement rather than just the conclusion. Call out the two weakest points in the argument as you see them. If the framing itself is wrong, say so before answering. Compare it against the version we discussed earlier in this thread. Note any assumption you had to make to get there. Separate clearly what the data supports from what is your inference.",120,True,one_shot,54160,True,Summarization,2,4,3
440,"Using only the customer review batch below, does it say anything about grid-scale storage?",19,False,one_shot,800,True,Closed QA,1,0,1
441,"According to the RFP response above, what postcode was recorded for the Nairobi office?",19,False,one_shot,4310,True,Closed QA,1,1,1
442,"Go through the onboarding guides attached and mark which ones touch on microfinance. Keep the original identifiers so I can join this back to the source. Strip out the internal test records before you count anything. Note which records you were unsure about and why. Use ISO dates throughout. Add a final row with the totals for the numeric columns. Normalise the currency values to USD and say what rate you used. Where a field appears twice with different values, show both. Leave the cell blank rather than guessing when a value is missing. Do not reformat any field I have not asked you to touch. Tell me how many records you skipped and on what grounds.",158,False,one_shot,8220,True,Classification,2,2,3
443,"Translate the audit report below into Spanish, keeping the formatting. Leave a placeholder where the legal team needs to insert the disclaimer. Use British spelling throughout.",35,False,one_shot,13710,True,Other,3,1,3
444,"Write the internal memo for our new indoor air quality product. Do not use bullet points anywhere in the body. Then analyse which section is weakest for that audience and say why. End with a call to action pointing at the docs. Give me three alternative headline options at the end. Avoid naming any competitor, even indirectly. Match the tone of the style guide pasted below rather than your default voice. Leave a placeholder where the legal team needs to insert the disclaimer. Do not promise any delivery date we have not publicly committed to. Open with a customer problem rather than a feature list.",142,True,one_shot,1560,True,Text Generation,1,2,2
445,Draft a short landing page headline announcing our work on microfinance.,15,False,one_shot,0,False,Text Generation,1,0,1
446,"Using only the vendor contract below, does it say anything about microfinance?",16,False,one_shot,4490,True,Closed QA,1,1,1
447,"Build a Go audit logger for our service. Add type hints throughout and make it pass strict mode. Include a short docstring for each public function. Add unit tests covering the error paths, not just the happy path. Make the logging structured so it parses cleanly downstream. Keep the existing test suite passing without editing the tests. Assume this runs in a container with no persistent disk. Note anywhere the change could break a caller you cannot see.",105,False,one_shot,5410,True,Code Generation,3,1,3
448,Rewrite this newsletter intro so it sounds more confident. Use British spelling throughout.,18,False,one_shot,1470,True,Rewrite,3,0,3
449,Is desalination regulated differently in the EU than in the US? Rank the findings by how much each would change the decision.,30,False,multi_turn,1560,True,Open QA,1,1,1
450,"Label each of the 250 entries in the lease agreement below as billing, technical or account access.",23,False,one_shot,3050,True,Classification,2,0,2
451,"Go back over all the RFP responses in this thread and summarise how the story on desalination changed over time, keeping the numbers that support each shift. Flag anything where the source is ambiguous instead of guessing. Tell me what evidence would change your mind on the main claim.",66,True,multi_turn,76760,True,Summarization,2,4,3
452,Pull the counterparty name from each of the 75 lease agreements attached. Return the result as a table with one row per record.,31,False,one_shot,4610,True,Extraction,1,1,1
453,"Answer these from the RFP response below only: what is the deadline, who owns it, and what happens if the deadline slips? Keep the scope to what is actually in front of you, not the wider market. Separate clearly what the data supports from what is your inference. Note any assumption you had to make to get there. Call out the two weakest points in the argument as you see them. Give a rough confidence level for each conclusion and say what would raise it. Show your reasoning for each judgement rather than just the conclusion. Flag anything where the source is ambiguous instead of guessing. Sanity check the arithmetic before you present any figure. If the framing itself is wrong, say so before answering. Tell me what evidence would change your mind on the main claim.",185,False,multi_turn,5820,True,Closed QA,1,3,2
454,Pull the severity level from each of the 30 research papers attached.,16,False,one_shot,17200,True,Extraction,1,2,2
455,"Summarise the insurance claim files attached for a developer audience. Compare it against the version we discussed earlier in this thread. Separate clearly what the data supports from what is your inference. Sanity check the arithmetic before you present any figure. Note where the sample is too small to carry the conclusion. Flag anything where the source is ambiguous instead of guessing. Rank the findings by how much each would change the decision. Where two sources disagree, say which one you weighted more and why. Note any assumption you had to make to get there. Distinguish the near-term implications from the structural ones. Call out the two weakest points in the argument as you see them.",157,True,one_shot,11540,True,Summarization,2,3,3
456,Write a 6-sentence newsletter intro for the Nairobi office.,12,False,one_shot,0,False,Text Generation,1,0,1
457,Make that version friendlier.,5,False,multi_turn,3820,True,Rewrite,3,1,3
458,"Label each of the 20 entries in the user interview notes below as billing, technical or account access.",24,False,one_shot,2660,True,Classification,2,0,2
459,Debug why this pagination helper drops requests under load. Keep it compatible with the current config format so nothing needs migrating. Keep the public interface exactly as it is today.,40,False,multi_turn,6710,True,Code Generation,3,2,3
460,"Label each of the 4 entries in the board deck below as billing, technical or account access. Flag any duplicate entries rather than silently collapsing them.",35,False,one_shot,1410,True,Classification,2,0,2
461,Write a 6-sentence performance review for vendor B. End with a call to action pointing at the docs.,24,False,one_shot,0,False,Text Generation,1,0,1
462,"Pull the top five takeaways out of the clinical trial summary below and note anything the author leaves unsupported. Where two sources disagree, say which one you weighted more and why. Keep the scope to what is actually in front of you, not the wider market. Show your reasoning for each judgement rather than just the conclusion.",77,True,multi_turn,17770,True,Summarization,2,4,3
463,"How does esports sponsorship actually work, roughly?",9,False,one_shot,0,False,Open QA,1,0,1
464,Write a Kotlin function that validates postcodes.,9,False,one_shot,0,False,Code Generation,3,0,3
465,"Using only the audit report below, does it say anything about freight rail scheduling?",19,False,one_shot,5510,True,Closed QA,1,1,1
466,"Translate the shift handover log below into Japanese, keeping the formatting. Avoid naming any competitor, even indirectly.",23,False,one_shot,8570,True,Other,3,1,3
467,"Refactor this TypeScript feature flag client to be async and keep the behaviour identical. Add unit tests covering the error paths, not just the happy path. Do not add any new third-party dependencies. Keep it compatible with the current config format so nothing needs migrating.",61,False,one_shot,8730,True,Code Generation,3,1,3
468,Summarise the insurance claim file below in 40 bullets.,12,True,multi_turn,1150,True,Summarization,2,2,3
469,"Tag each row in the support thread below, then compare the distribution against the batch I sent earlier. Keep the scope to what is actually in front of you, not the wider market. Compare it against the version we discussed earlier in this thread.",59,True,one_shot,8350,True,Classification,2,2,3
470,"Act as a skeptical VC and review the insurance claim file attached the way they would. Where two sources disagree, say which one you weighted more and why. Note any assumption you had to make to get there. Compare it against the version we discussed earlier in this thread. Give a rough confidence level for each conclusion and say what would raise it. Flag anything where the source is ambiguous instead of guessing.",99,True,one_shot,4150,True,Other,3,2,3
471,Debug why this session store drops requests under load. Write it so it degrades gracefully when the upstream is down. Leave a comment wherever the behaviour is deliberately non-obvious.,39,False,one_shot,11730,True,Code Generation,3,1,3
472,"Looking back at the earnings call transcript I shared earlier, what did it say about the pilot cohort? Note where the sample is too small to carry the conclusion.",39,False,multi_turn,10860,True,Closed QA,1,2,2
473,"Edit the board deck below so it reads more confident, then analyse what changed in tone versus the original. Include two short quotes attributed to the engineering lead. Avoid naming any competitor, even indirectly.",46,True,one_shot,10630,True,Rewrite,3,2,3
474,Build me a spreadsheet from the clinical trial summarys attached. Preserve the original ordering of the records. Treat blank and zero as different things. Add a final row with the totals for the numeric columns. Normalise the currency values to USD and say what rate you used. Keep the original identifiers so I can join this back to the source. Sort the output by the most recent date first. Leave the cell blank rather than guessing when a value is missing. Return the result as a table with one row per record.,124,True,one_shot,34310,True,Extraction,1,4,3
475,Rewrite this conference abstract so it sounds more direct.,12,False,one_shot,550,True,Rewrite,3,0,3
476,"According to the customer review batch above, what renewal date was recorded for the northern depot?",22,False,one_shot,1030,True,Closed QA,1,0,1
477,"Looking back at the research paper I shared earlier, what did it say about the Nairobi office?",23,False,multi_turn,2460,True,Closed QA,1,1,1
478,Draft a short internal memo announcing our work on microfinance.,14,False,one_shot,680,True,Text Generation,1,0,1
479,"Give me 8 angles on campus food waste, then analyse which three are most defensible.",20,True,one_shot,0,False,Brainstorming,3,1,3
480,"Rewrite the support macro attached for our support team. Keep it under 25 words. Include two short quotes attributed to the engineering lead. Write it so a non-technical exec could follow it without any background in the area. Do not use bullet points anywhere in the body. End with a call to action pointing at the docs. Avoid naming any competitor, even indirectly. Match the tone of the style guide pasted below rather than your default voice.",104,False,one_shot,14200,True,Rewrite,3,1,3
481,"From the product spec below, list all the payment terms that appear.",16,False,one_shot,1120,True,Extraction,1,0,1
482,"According to the RFP response above, what root cause was recorded for the pilot cohort?",20,True,one_shot,4640,True,Closed QA,1,2,2
483,What could we do about flat referral volume that we haven't already tried? Compare it against the version we discussed earlier in this thread. Tell me what evidence would change your mind on the main claim. Note where the sample is too small to carry the conclusion.,63,True,one_shot,5890,True,Brainstorming,3,2,3
484,What would it take to get into campus food waste with no background in it? Tell me what evidence would change your mind on the main claim. Show your reasoning for each judgement rather than just the conclusion.,51,False,one_shot,0,False,Open QA,1,0,1
485,Classify the records in the shift handover log attached by renewal date. Note which records you were unsure about and why. Keep the original identifiers so I can join this back to the source.,46,False,one_shot,1560,True,Classification,2,0,2
486,Make that version more confident.,7,False,multi_turn,1900,True,Rewrite,3,1,3
487,"Give me 40 angles on container shipping, then analyse which three are most defensible. Distinguish the near-term implications from the structural ones.",30,True,multi_turn,1520,True,Brainstorming,3,2,3
488,"I need a apology email about secondhand fashion resale by tomorrow. Keep it under 150 words. Match the tone of the style guide pasted below rather than your default voice. Open with a customer problem rather than a feature list. Leave a placeholder where the legal team needs to insert the disclaimer. Work in the three pricing tiers without making it read like a price list. Use British spelling throughout. Include two short quotes attributed to the engineering lead. Do not promise any delivery date we have not publicly committed to. Avoid naming any competitor, even indirectly. Write it so high school students could follow it without any background in the area. Assume the reader has already seen the teaser we sent last week.",167,False,one_shot,1370,True,Text Generation,1,1,1
489,"Act as a product coach and review the onboarding guide attached the way they would. Where two sources disagree, say which one you weighted more and why. Note where the sample is too small to carry the conclusion. Note any assumption you had to make to get there. Keep the scope to what is actually in front of you, not the wider market. If the framing itself is wrong, say so before answering. Call out the two weakest points in the argument as you see them. Point out anything a reviewer would immediately push back on. Separate clearly what the data supports from what is your inference. Rank the findings by how much each would change the decision. Flag anything where the source is ambiguous instead of guessing. Compare it against the version we discussed earlier in this thread.",188,True,one_shot,5600,True,Other,3,3,3
490,"Give me a first draft of a product description for a non-technical exec, based on the grant proposal below. Write it so new hires could follow it without any background in the area. Assume the reader has already seen the teaser we sent last week. Do not use bullet points anywhere in the body. Then analyse which section is weakest for that audience and say why.",89,True,one_shot,11860,True,Text Generation,1,2,2
491,I need a job posting about prediction markets by tomorrow. Open with a customer problem rather than a feature list. Write it so a developer audience could follow it without any background in the area. Do not promise any delivery date we have not publicly committed to. Then analyse which section is weakest for that audience and say why. Work in the three pricing tiers without making it read like a price list. Leave a placeholder where the legal team needs to insert the disclaimer. Use British spelling throughout. Give me three alternative headline options at the end. End with a call to action pointing at the docs. Mirror the structure of the last announcement so the series feels consistent. Do not use bullet points anywhere in the body.,174,True,one_shot,540,True,Text Generation,1,2,2
492,Plan a 150-day itinerary for Medellin around retail banking in Kenya. Keep it under 5 words. Do not promise any delivery date we have not publicly committed to. Write it so the board could follow it without any background in the area.,57,False,one_shot,1750,True,Other,3,0,3
493,"I'm going in circles on flat referral volume. Talk me through it. Tell me what evidence would change your mind on the main claim. Compare it against the version we discussed earlier in this thread. Keep the scope to what is actually in front of you, not the wider market.",68,True,one_shot,2600,True,Chatbot,3,1,3
494,Now add author affiliation handling to that retry wrapper.,12,False,multi_turn,6700,True,Code Generation,3,2,3
495,"Ok so given what we said about self-hosting our analytics, what should I actually do this week? Show your reasoning for each judgement rather than just the conclusion.",38,False,multi_turn,16690,True,Chatbot,3,3,3
496,Condense that into a paragraph high school students could read in 30 seconds. Do not use bullet points anywhere in the body.,30,False,multi_turn,2870,True,Summarization,2,1,2
497,"Based on the attached board deck, when is the dosage?",14,False,one_shot,960,True,Closed QA,1,0,1
498,Extract every payment term and author affiliation from the Slack export below and put them in a table. Treat blank and zero as different things.,34,False,one_shot,4470,True,Extraction,1,1,1
499,Extract every counterparty name and job title from the research paper below and put them in a table.,24,False,one_shot,5300,True,Extraction,1,1,1
500,"According to the support thread above, what counterparty name was recorded for the 2024 renewal?",20,False,one_shot,1500,True,Closed QA,1,0,1
